SET check_function_bodies = false;
INSERT INTO auth.users (id, first_name, last_name, email, encrypted_password) VALUES (2, 'Max', 'Longton', 'enriquelongton@gmail.com', '$2b$10$6PbfCUqOdP.boJ1MfDbVcetMPKVqmAbApN58PrnWd9FO8mAokHinO');
INSERT INTO auth.users (id, first_name, last_name, email, encrypted_password) VALUES (3, 'Alex', 'Harrison', 'alexmon32@live.com', '$2b$10$0lfwN7h9c9o3jUtDQ6QEbO73twkpz/1CvTbedHdKiO/DK1JWifT0K');
INSERT INTO auth.users (id, first_name, last_name, email, encrypted_password) VALUES (4, 'Guest', 'Person', 'guest@nasa.gov', '$2b$10$mE6Spc4hW4vJXQDyvO4qW.wfXQl1LJIzWleamQNKF7zycWaAoZ.Xa');
INSERT INTO auth.users (id, first_name, last_name, email, encrypted_password) VALUES (5, 'Bob', 'Wing', 'bobwing@nasa.gov', '$2b$10$MRlUiczKtCilaJ1z.zBopO4tLx6rxdAhxvFaF.rOWeZUonEHY6ANS');
INSERT INTO auth.users (id, first_name, last_name, email, encrypted_password) VALUES (6, 'Eva', 'Explora', 'evaexplora@nasa.gov', '$2b$10$waDNGud389ZPG5C84j8VlOqPhmk.0nqBalVM4Fj4YbRPk9cRebLie');
INSERT INTO auth.users (id, first_name, last_name, email, encrypted_password) VALUES (7, 'Ally', 'Harrison', 'allisara@gmail.com', '$2b$10$XV2GyiCYpgdnzDXMGOkbZOfLx/sgl0qD6Oj7m/ng.S1hiEgmdr8q6');
INSERT INTO public.channel (id, created_at, updated_at, title, owner_id) VALUES (1, '2021-10-03 22:23:33.590851+00', '2021-10-03 22:23:33.590851+00', 'EVA', 6);
INSERT INTO public.channel (id, created_at, updated_at, title, owner_id) VALUES (2, '2021-10-03 22:30:46.884747+00', '2021-10-03 22:30:46.884747+00', 'Mission Control', 6);
INSERT INTO public.channel (id, created_at, updated_at, title, owner_id) VALUES (3, '2021-10-03 22:30:46.884747+00', '2021-10-03 22:30:46.884747+00', 'Propulsion', 6);
INSERT INTO public.channel (id, created_at, updated_at, title, owner_id) VALUES (4, '2021-10-03 22:30:46.884747+00', '2021-10-03 22:30:46.884747+00', 'Space Suit', 6);
INSERT INTO public.channel (id, created_at, updated_at, title, owner_id) VALUES (5, '2021-10-03 22:30:46.884747+00', '2021-10-03 22:30:46.884747+00', 'Rock Samples', 6);
INSERT INTO public."group" (id, created_at, updated_at, title, description) VALUES (1, '2021-10-03 13:35:07.796689+00', '2021-10-03 13:35:07.796689+00', 'Command and Data Handling (CDH)', 'CDH is responsible for monitoring the health and status of the CST-100 avionics systems including the on board computers, display units, keyboards, on board data bus, wireless networks, tablets, on board software, data services for payloads and more.');
INSERT INTO public."group" (id, created_at, updated_at, title, description) VALUES (2, '2021-10-03 13:35:07.796689+00', '2021-10-03 13:35:07.796689+00', 'Crew Systems and Photo/TV', 'The roles and responsibilities for CREW SYSTEMS include developing operations products supporting crew and cargo integration and being hardware experts for flight crew equipment that deal with crew escape, human habitability, productivity, and well-being. The docking system centerline camera and digital imagery experts from Photo/ TV group will be relied upon for direct mission support and training.');
INSERT INTO public."group" (id, created_at, updated_at, title, description) VALUES (3, '2021-10-03 13:35:07.796689+00', '2021-10-03 13:35:07.796689+00', 'Emergency, Environmental, and Consumables Management (EECOM)', 'EECOM is responsible for the environmental control and life support systems; monitoring and control of the active thermal control subsystems; atmosphere; suits; consumables management and reporting; cooling services for payloads and ingress/egress support. EECOM leads an integrated team response to emergencies (fire/cabin leak/toxic atmosphere/loss of cooling), and to internal and EECOM system leaks.');
INSERT INTO public."group" (id, created_at, updated_at, title, description) VALUES (4, '2021-10-03 13:35:07.796689+00', '2021-10-03 13:35:07.796689+00', 'Flight Data File (FDF)', 'FDF manages the development and publication of FDF books for use by the crew and flight controllers. FDF provides real-time support for crew procedures and other FDF related activities. Duties include coordinating technical changes to procedures with flight directors, flight controllers, crew, and international partners. The FDF develops software requirements for procedures tools.');
INSERT INTO public."group" (id, created_at, updated_at, title, description) VALUES (5, '2021-10-03 13:35:07.796689+00', '2021-10-03 13:35:07.796689+00', 'Flight Activities Officer (FAO)', 'FAO leads the coordination and integration of the crew activities, ground activities and attitude timeline into an integrated flight plan that meets the mission requirements defined by the program. For missions to the International Space Station (ISS), the FAO also works with the ISS Operations Planner to integrate CST-100 vehicle operations and preparations into the station timeline during both the joint-mission timeframe and during quiescent operations.');
INSERT INTO public."group" (id, created_at, updated_at, title, description) VALUES (6, '2021-10-03 13:35:07.796689+00', '2021-10-03 13:35:07.796689+00', 'Flight Dynamics Officer (FDO)', 'FDO is responsible for pre-mission planning and real-time execution of all CST-100 trajectory operations, including launch, undocking re-entry and landing.');
INSERT INTO public."group" (id, created_at, updated_at, title, description) VALUES (7, '2021-10-03 13:35:07.796689+00', '2021-10-03 13:35:07.796689+00', 'Ground Control (GC)', 'The GC team is responsible for the ground systems infrastructure and ground communications necessary to perform planning, training, testing, execution and evaluation of human spaceflight mission operations at the Johnson Space Center Mission Control Center for Boeing CST Mission Operations (MCC-CST).');
INSERT INTO public."group" (id, created_at, updated_at, title, description) VALUES (8, '2021-10-03 13:35:07.796689+00', '2021-10-03 13:35:07.796689+00', 'Guidance, Navigation, and Control (GNC)', 'GNC manages guidance, navigation and control hardware, and associated software during all phases of flight, including GPS, attitude controllers, the Vision-based Electro-optical Sensor Tracking Assemblies (VESTAs) and more.');
INSERT INTO public."group" (id, created_at, updated_at, title, description) VALUES (9, '2021-10-03 13:35:07.796689+00', '2021-10-03 13:35:07.796689+00', 'Integrated Communications Officer (INCO)', 'INCO is responsible for monitoring the health and status of the communications avionics including the Space-to-Ground (S/G) and Space-to-Space (S/S) systems, handheld radio communication, command encryption, audio systems and associated loose equipment functionality such as handheld microphones and headsets.');
INSERT INTO public."group" (id, created_at, updated_at, title, description) VALUES (10, '2021-10-03 13:35:07.796689+00', '2021-10-03 13:35:07.796689+00', 'Mechanical and Power Officer (MPO)', 'MPO is responsible for the CST-100 spacecraft electrical, mechanical, structural, and landing and recovery systems. These systems include batteries, solar arrays, power converters, interior lighting, vehicle structure, thermal protection, parachutes, airbags, crew hardware and more.');
INSERT INTO public."group" (id, created_at, updated_at, title, description) VALUES (11, '2021-10-03 13:35:07.796689+00', '2021-10-03 13:35:07.796689+00', 'Navigation (NAV)', 'NAV is responsible for ensuring both the on board and ground segments of the CST-100 navigation system is operating properly. NAV monitors performance of the on board navigation hardware and software, sensor status and performance, acceptability of sensor data, navigation convergence, VESTA performance and the VESTA Ground Station. NAV supports the GNC officer for issues related to relative and inertial navigation hardware, and for inertial navigation performance. NAV supports FDO for relative navigation performance monitoring and troubleshooting.');
INSERT INTO public."group" (id, created_at, updated_at, title, description) VALUES (12, '2021-10-03 13:35:07.796689+00', '2021-10-03 13:35:07.796689+00', 'Public Affairs Officer (PAO)', 'PAO duties will be shared between NASA and Boeing. PAO coordinates news media events between the news media and the crew and/or Mission Control, and provides mission commentary to supplement and explain air-to-ground transmissions and flight control operations to the news media and the public.');
INSERT INTO public."group" (id, created_at, updated_at, title, description) VALUES (13, '2021-10-03 13:35:07.796689+00', '2021-10-03 13:35:07.796689+00', 'Pointing', 'The Pointing console is responsible the integration of all CST-100 Tracking and Data Relay Satellite (TDRS) communication requirements, communication predictions and unique target lines-of-sight analysis for payloads and on board systems. Pointing also provides attitude optimization to support unique pointing requirements, as needed.');
INSERT INTO public."group" (id, created_at, updated_at, title, description) VALUES (14, '2021-10-03 13:35:07.796689+00', '2021-10-03 13:35:07.796689+00', 'Profile', 'The Profile console monitors the CST-100 relative trajectory and translational maneuvers to ensure performance within defined limits. Profile assists in monitoring the progress of crew and automated procedures related to rendezvous and proximity operations. Profile monitors vehicle compliance with applicable flight rules and provides to the Rendezvous position a go/no-go recommendation prior to Authority to Proceed (ATP) points. Profile maintains awareness of potential vehicle automated responses to failure conditions and the resulting abort trajectories.');
INSERT INTO public."group" (id, created_at, updated_at, title, description) VALUES (15, '2021-10-03 13:35:07.796689+00', '2021-10-03 13:35:07.796689+00', 'Propulsion (PROP)', 'PROP is responsible for all aspects of the operation and management of the propulsion system hardware and software used during all phases of flight. This includes thruster performance and propellant usage, translation burns and attitude control maneuvers, and consumables budgeting, management and reporting.');
INSERT INTO public."group" (id, created_at, updated_at, title, description) VALUES (16, '2021-10-03 13:35:07.796689+00', '2021-10-03 13:35:07.796689+00', 'Recovery', 'The Recovery position is responsible for planning CST-100 recovery and executing recovery operations once the vehicle has landed.');
INSERT INTO public."group" (id, created_at, updated_at, title, description) VALUES (17, '2021-10-03 13:35:07.796689+00', '2021-10-03 13:35:07.796689+00', 'Rendezvous (RNDZ)', 'The Rendezvous position monitors the CST-100 during integrated operations with the space station and ensures that all space station trajectory safety requirements are satisfied. Rendezvous is the primary interface to the space station Visiting Vehicle Officer (VVO) and monitors relative navigation, guidance, and trajectory performance in the proximity operations, docking, separation and flyaround phases of flight.');
INSERT INTO public."group" (id, created_at, updated_at, title, description) VALUES (18, '2021-10-03 13:35:07.796689+00', '2021-10-03 13:35:07.796689+00', 'Starliner Duty Officer (SDO)', 'For the OFT mission only, the SDO is responsible for monitoring the CST-100 while it is docked to the space station in a quiescent configuration while the remainder of the CST-100 Flight Control Team is on-call. The SDO is responsible for leading the ground and crew response to Starliner events that result in cautions or warnings on the space station.');
INSERT INTO public."group" (id, created_at, updated_at, title, description) VALUES (19, '2021-10-03 13:35:07.796689+00', '2021-10-03 13:35:07.796689+00', 'Tablet', 'The Tablet position monitors crew usage of the tablet devices and provides assistance/advice to the crew as needed.');
INSERT INTO public."group" (id, created_at, updated_at, title, description) VALUES (20, '2021-10-03 13:35:07.796689+00', '2021-10-03 13:35:07.796689+00', 'Timeline', 'The Timeline position assists the FAO in all aspects of preflight mission planning and coordination, and in real-time planning and replanning operations. TIMELINE generates the pre-flight timelines for the flight plan, monitors in-flight crew activities and coordinates activities with other flight controllers.');
INSERT INTO public."group" (id, created_at, updated_at, title, description) VALUES (21, '2021-10-03 13:35:07.796689+00', '2021-10-03 13:35:07.796689+00', 'Trajectory (TRAJ)', 'TRAJ tracks the spacecraft''s position in orbit to support acquisitions, plotting, external notifications, conjunction screening, and debris conjunction message evaluation and notification. TRAJ coordinates trajectory planning and events with the mission planning team, and is the primary member of the team responsible for running the CST-100 simulation to accomplish replanning and position update tasks.');
INSERT INTO public."group" (id, created_at, updated_at, title, description) VALUES (22, '2021-10-03 13:35:07.796689+00', '2021-10-03 13:35:07.796689+00', 'Weather', 'The Weather officer provides weather forecasts and real-time weather observations for launch and landing operations to the mission management community, Flight Director, and flight control team. The Weather officer manages meteorological forecasting models and computer systems that access and assemble radar and satellite imagery, and provides mission-critical inputs to the flight director for go-for-launch and go-for-deorbit decisions.');
INSERT INTO public."group" (id, created_at, updated_at, title, description) VALUES (23, '2021-10-03 13:35:07.796689+00', '2021-10-03 13:35:07.796689+00', 'Crew Operations and Resources Engineer (CORE)', 'CORE or Crew Operations and Resources Engineer is SpaceX Crew Dragon 2 specific position that replaces CAPCOM and is the point person between Mission Control and crew on board the Dragon 2 spacecraft.');
INSERT INTO public."group" (id, created_at, updated_at, title, description) VALUES (24, '2021-10-03 13:35:07.796689+00', '2021-10-03 13:35:07.796689+00', 'Researcher / Academic', 'RA or Researcher / Academic is a contributor from a university or from the private sector who is collaborating with NASA.');
INSERT INTO public."group" (id, created_at, updated_at, title, description) VALUES (25, '2021-10-03 13:35:07.796689+00', '2021-10-03 13:35:07.796689+00', 'Administrator', 'The administrator role configures, starts, stops, and manages users.');
INSERT INTO public."group" (id, created_at, updated_at, title, description) VALUES (26, '2021-10-03 22:25:54.653154+00', '2021-10-03 22:25:54.653154+00', 'EMU', 'EVA''s spacewalk responsibilities include monitoring operations of the astronauts'' spacesuits. The spacesuits are known as Extravehicular Mobility Units (EMUs). EVA is also responsible for keeping track of the spacewalkers'' scheduled tasks.');
INSERT INTO public.channel_groups (id, created_at, updated_at, channel_id, group_id) VALUES (1, '2021-10-03 22:28:03.167004+00', '2021-10-03 22:28:03.167004+00', 1, 26);
INSERT INTO public.tag_category (id, created_at, updated_at, title) VALUES (3, '2021-10-03 03:44:08.468248+00', '2021-10-03 03:44:08.468248+00', 'Mission Element');
INSERT INTO public.tag_category (id, created_at, updated_at, title) VALUES (1, '2021-10-03 03:44:08.468248+00', '2021-10-03 04:58:26.674279+00', 'Experiment');
INSERT INTO public.tag_category (id, created_at, updated_at, title) VALUES (2, '2021-10-03 03:44:08.468248+00', '2021-10-03 14:29:58.439995+00', 'Tool');
INSERT INTO public.tag_category (id, created_at, updated_at, title) VALUES (4, '2021-10-03 14:30:17.276454+00', '2021-10-03 14:30:17.276454+00', 'xEMU ');
INSERT INTO public.tag (id, created_at, updated_at, title, tag_category_id, description, acronym) VALUES (1, '2021-10-03 04:57:01.138141+00', '2021-10-03 04:57:01.138141+00', 'Metric and Panoramic Cameras', 1, 'Cameras are used to obtain high-resolution photographs of the lunar surface, for use both in studying the geology of the surface and for producing detailed topographic maps of the surface. These cameras include a Metric Camera, a Panoramic Camera, and a Stellar Mapping Camera. The Metric and Stellar Mapping Cameras are operated as a unit along with the Laser Altimeter. The Panoramic Camera is operated separately, but is often used at the same time as the Metric Camera. ', 'MPC');
INSERT INTO public.tag (id, created_at, updated_at, title, tag_category_id, description, acronym) VALUES (2, '2021-10-03 04:57:01.138141+00', '2021-10-03 04:57:01.138141+00', 'Laser Altimeter', 1, 'In this experiment, a pulse from a laser is aimed at the lunar surface. The reflection of the pulse from the surface is then observed with a small telescope. The length of time the pulse takes to travel from the spacecraft to the Moon and back is related to the height of the spacecraft above the surface of the Moon. Measurements are made roughly every 30 kilometers across the Moon''s surface. These measurements are sufficiently accurate to distinguish height variations of 10 meters between adjacent measurement points. ', 'LA');
INSERT INTO public.tag (id, created_at, updated_at, title, tag_category_id, description, acronym) VALUES (3, '2021-10-03 04:57:01.138141+00', '2021-10-03 04:57:01.138141+00', 'S-Band Transponder Experiment', 1, 'In this experiment, the frequency of radio waves transmitted by the spacecraft is accurately measured at Earth and compared with the frequency of the waves as transmitted by the spacecraft. Changes in the frequency of the radio waves occur because the spacecraft is moving, a phenomenon known as the Doppler effect. By measuring the frequency of the radio waves at the spacecraft and at Earth, the spacecraft''s velocity is determined with very high accuracy. ', 'STE');
INSERT INTO public.tag (id, created_at, updated_at, title, tag_category_id, description, acronym) VALUES (4, '2021-10-03 04:57:01.138141+00', '2021-10-03 04:57:01.138141+00', 'Lunar Sounder Experiment', 1, 'This experiment used radar to study the Moon''s surface and interior. Radar waves with wavelengths between 2 and 60 meters were transmitted through a series of antennas near the back of the Service Module. After the waves were reflected by the Moon, they were received using the same antennas and the data was recorded on film for analysis on Earth. The primary purpose of this experiment was to "see" into the upper 2 kilometers of the Moon''s crust in a manner somewhat analogous to using seismic waves to study the internal structure of the Moon. ', 'LSE');
INSERT INTO public.tag (id, created_at, updated_at, title, tag_category_id, description, acronym) VALUES (5, '2021-10-03 04:57:01.138141+00', '2021-10-03 04:57:01.138141+00', 'Ultraviolet Spectrometer Experiment', 1, 'The Ultraviolet Spectrometer Experiment is performed to measure the density and composition of the tenuous lunar atmosphere by observing how the atmosphere scattered solar ultraviolet radiation. This experiment is sensitive to the presence of atomic and molecular hydrogen, atomic oxygen, atomic nitrogen, carbon, carbon monoxide, carbon dioxide, and xenon. Molecular hydrogen is detected at an abundance of 6000 atoms per cubic centimeter.', 'USE');
INSERT INTO public.tag (id, created_at, updated_at, title, tag_category_id, description, acronym) VALUES (6, '2021-10-03 04:57:01.138141+00', '2021-10-03 04:57:01.138141+00', 'Infrared Radio', 1, 'The Infrared Radiometer Experiment is performed on Apollo 17 to measure surface temperatures and cooling rates at night on the Moon by measuring the emission of infrared radiation from the lunar surface. During the lunar day, the surface heats up by absorbing solar radiation. At night, the surface radiates this stored heat back into space. ', 'IR');
INSERT INTO public.tag (id, created_at, updated_at, title, tag_category_id, description, acronym) VALUES (7, '2021-10-03 04:57:01.138141+00', '2021-10-03 04:57:01.138141+00', 'Window Metereoroid Experiment', 1, 'To obtain information about the size distribution of very small micrometeorites.', 'WME');
INSERT INTO public.tag (id, created_at, updated_at, title, tag_category_id, description, acronym) VALUES (8, '2021-10-03 04:57:01.138141+00', '2021-10-03 04:57:01.138141+00', 'Biostack Experiment', 1, 'Studies the effects of cosmic rays on several types of biological materials, including bacteria spores, seeds, and eggs of brine shrimp, beetles, and grasshoppers.', 'BE');
INSERT INTO public.tag (id, created_at, updated_at, title, tag_category_id, description, acronym) VALUES (9, '2021-10-03 04:57:01.138141+00', '2021-10-03 04:57:01.138141+00', 'Heat Flow and Convection Demonstration', 1, 'To study convective flow and heat transport driven by surface tension.', 'HFCD');
INSERT INTO public.tag (id, created_at, updated_at, title, tag_category_id, description, acronym) VALUES (10, '2021-10-03 04:57:01.138141+00', '2021-10-03 04:57:01.138141+00', 'Light Flashes Experiment', 1, 'To study light flashes seen by the crew that are related to charged particles in space.', 'LFE');
INSERT INTO public.tag (id, created_at, updated_at, title, tag_category_id, description, acronym) VALUES (11, '2021-10-03 04:57:01.138141+00', '2021-10-03 04:57:01.138141+00', 'Soil Mechanics Investigation', 1, 'Soil mechanics is the study of the mechanical properties of soils and the way that these properties affect human activities. The goals of these studies are to improve our scientific knowledge about the properties of lunar soil and to provide the engineering knowledge needed to plan and perform lunar surface activities.', 'SMI');
INSERT INTO public.tag (id, created_at, updated_at, title, tag_category_id, description, acronym) VALUES (12, '2021-10-03 04:57:01.138141+00', '2021-10-03 04:57:01.138141+00', 'Traverse Gravimeter Experiment', 1, 'The purpose of the experiment is to obtain information about the subsurface structure at the landing site. Gravity measurements are made at traverse stops, and the results are radioed by the crew back to Earth. Interpretation of these observations also requires knowledge of the topography of the landing site.', 'TGE');
INSERT INTO public.tag (id, created_at, updated_at, title, tag_category_id, description, acronym) VALUES (13, '2021-10-03 04:57:01.138141+00', '2021-10-03 04:57:01.138141+00', 'Lunar Neutron Probe', 1, 'The lunar regolith, or the uppermost few meters of the Moon, consists of soil and highly fragmented rocks formed by repeated impacts of meteoroids with the Moon''s surface. These impacts eject material from the craters that are formed, and the ejecta are usually deposited nearby. The overall effect of many such impacts is a continual overturn of the regolith, which keeps it well mixed. This can be thought of as a sort of gardening, analogous to the mixing of soil performed by a farmer''s plow. The Lunar Neutron Probe Experiment is performed to determine the rate at which the lunar regolith is overturned or mixed. It consists of a 2-meter-long rod with several detectors that is inserted into the hole left from drilling a deep core sample. These detectors measure the number of neutrons penetrating to different depths in the regolith.', 'LNP');
INSERT INTO public.tag (id, created_at, updated_at, title, tag_category_id, description, acronym) VALUES (14, '2021-10-03 04:57:01.138141+00', '2021-10-03 04:57:01.138141+00', 'Surface Electrical Properties', 1, 'This experiment consists of a transmitting antenna deployed near the lunar module and a receiving antenna on the Lunar Rover. At several different traverse stops, electrical signals are transmitted through the regolith and recorded on the Lunar Rover. Comparison of the transmitted and received signals allow the electrical properties of the regolith to be determined. ', 'SEP');
INSERT INTO public.tag (id, created_at, updated_at, title, tag_category_id, description, acronym) VALUES (15, '2021-10-03 04:57:01.138141+00', '2021-10-03 04:57:01.138141+00', 'Cosmic Ray Detector', 1, 'These experiments measure particles with energies of 100,000 to 150 million electron volts. The particles detected by these experiments originate both in the solar wind and from sources elsewhere in our galaxy. ', 'CRD');
INSERT INTO public.tag (id, created_at, updated_at, title, tag_category_id, description, acronym) VALUES (16, '2021-10-03 04:57:01.138141+00', '2021-10-03 04:57:01.138141+00', 'Heat Flow Experiment ', 1, 'The HFE is designed to make thermal measurements of the Lunar subsurface in order to determine the rate at which heat flows out of the interior. The measurements help determine the abundance of radioisotopes and help understand the thermal evolution of the Moon.', 'HFE');
INSERT INTO public.tag (id, created_at, updated_at, title, tag_category_id, description, acronym) VALUES (17, '2021-10-03 04:57:01.138141+00', '2021-10-03 04:57:01.138141+00', 'Lunar Atmosphere Composition Experiment', 1, 'The LACE was designed to detect the composition of the Lunar atmosphere.', 'LACE');
INSERT INTO public.tag (id, created_at, updated_at, title, tag_category_id, description, acronym) VALUES (18, '2021-10-03 04:57:01.138141+00', '2021-10-03 04:57:01.138141+00', 'Lunar Ejecta and Meteorites Experiment', 1, 'The LEAM is designed to detect secondary particles that had been ejected by meteorite impacts on the lunar surface and to detect primary micrometeorites themselves.', 'LEAM');
INSERT INTO public.tag (id, created_at, updated_at, title, tag_category_id, description, acronym) VALUES (19, '2021-10-03 04:57:01.138141+00', '2021-10-03 04:57:01.138141+00', 'Lunar Seismic Profiling Experiment', 1, 'Performed to determine the detailed structure of the upper kilometer of the lunar crust. The experiment involves detonation of a series of small explosives. The seismic waves or ground motions caused by these explosions were measured by a network of geophones.', 'LSPE');
INSERT INTO public.tag (id, created_at, updated_at, title, tag_category_id, description, acronym) VALUES (20, '2021-10-03 04:57:01.138141+00', '2021-10-03 04:57:01.138141+00', 'Lunar Surface Gravimeter', 1, 'Intended to make highly accurate measurements of how the Moon''s gravity varies with time. The primary purpose of this experiment is to search for gravity waves, which are predicted by Einstein''s theory of relativity. In addition, these measurements will contribute to studies of lunar seismology and of tidal deformation of the Moon.', 'LSG');
INSERT INTO public.tag (id, created_at, updated_at, title, tag_category_id, description, acronym) VALUES (21, '2021-10-03 05:02:16.499319+00', '2021-10-03 05:02:16.499319+00', 'Bag, Documented Sample, Cup-shape', 2, 'Documented samples bags are numbered bags with closures that allow samples to be identified and kept separate from one another.  These bags are grouped into dispensers which provide easy access for the astronauts.  Although documented sample bags of several different configurations are used, two basic shapes describe most bags, cup-shaped and flat rectangular.', NULL);
INSERT INTO public.tag (id, created_at, updated_at, title, tag_category_id, description, acronym) VALUES (22, '2021-10-03 05:02:16.499319+00', '2021-10-03 05:02:16.499319+00', 'Bag, Documented Sample, Flat, Rectangular-shape 20 bag dispenser', 2, 'These documented sample bags are designed to hol an 11-cm diameter rock.  Each of the flat bags has a unique number by which to identify the samples placed inside.  Two tabs are attached to the top center of each bag.  One tab attaches the bag to the dispenser and tears away when the astronaut pulls the other tab.  This process also causes the bag to be opened.  After the sample is placed inside the top is rolled down and the aluminum tabs are folded over to secure the rolled configuration.', NULL);
INSERT INTO public.tag (id, created_at, updated_at, title, tag_category_id, description, acronym) VALUES (23, '2021-10-03 05:02:16.499319+00', '2021-10-03 05:02:16.499319+00', 'Bag, Documented Sample, Flat, Rectangular-shape 20 bag dispenser', 2, 'These documented sample bags are designed to hol an 11-cm diameter rock.  Each of the flat bags has a unique number by which to identify the samples placed inside.  Two tabs are attached to the top center of each bag.  One tab attaches the bag to the dispenser and tears away when the astronaut pulls the other tab.  This process also causes the bag to be opened.  After the sample is placed inside the top is rolled down and the aluminum tabs are folded over to secure the rolled configuration.', NULL);
INSERT INTO public.tag (id, created_at, updated_at, title, tag_category_id, description, acronym) VALUES (24, '2021-10-03 05:02:16.499319+00', '2021-10-03 05:02:16.499319+00', 'Bag, Documented Sample, Flat, Rectangular-shape 20 bag dispenser', 2, 'These documented sample bags are designed to hol an 11-cm diameter rock.  Each of the flat bags has a unique number by which to identify the samples placed inside.  Two tabs are attached to the top center of each bag.  One tab attaches the bag to the dispenser and tears away when the astronaut pulls the other tab.  This process also causes the bag to be opened.  After the sample is placed inside the top is rolled down and the aluminum tabs are folded over to secure the rolled configuration.', NULL);
INSERT INTO public.tag (id, created_at, updated_at, title, tag_category_id, description, acronym) VALUES (25, '2021-10-03 05:02:16.499319+00', '2021-10-03 05:02:16.499319+00', 'Bag, Documented Sample, Flat, Rectangular-shape 20 bag dispenser', 2, 'These documented sample bags are designed to hol an 11-cm diameter rock.  Each of the flat bags has a unique number by which to identify the samples placed inside.  Two tabs are attached to the top center of each bag.  One tab attaches the bag to the dispenser and tears away when the astronaut pulls the other tab.  This process also causes the bag to be opened.  After the sample is placed inside the top is rolled down and the aluminum tabs are folded over to secure the rolled configuration.', NULL);
INSERT INTO public.tag (id, created_at, updated_at, title, tag_category_id, description, acronym) VALUES (26, '2021-10-03 05:02:16.499319+00', '2021-10-03 05:02:16.499319+00', 'Bag, Documented Sample, Flat, Rectangular-shape 20 bag dispenser', 2, 'These documented sample bags are designed to hol an 11-cm diameter rock.  Each of the flat bags has a unique number by which to identify the samples placed inside.  Two tabs are attached to the top center of each bag.  One tab attaches the bag to the dispenser and tears away when the astronaut pulls the other tab.  This process also causes the bag to be opened.  After the sample is placed inside the top is rolled down and the aluminum tabs are folded over to secure the rolled configuration.', NULL);
INSERT INTO public.tag (id, created_at, updated_at, title, tag_category_id, description, acronym) VALUES (27, '2021-10-03 05:02:16.499319+00', '2021-10-03 05:02:16.499319+00', 'Bag, Documented Sample, Flat, Rectangular-shape 20 bag dispenser', 2, 'These documented sample bags are designed to hol an 11-cm diameter rock.  Each of the flat bags has a unique number by which to identify the samples placed inside.  Two tabs are attached to the top center of each bag.  One tab attaches the bag to the dispenser and tears away when the astronaut pulls the other tab.  This process also causes the bag to be opened.  After the sample is placed inside the top is rolled down and the aluminum tabs are folded over to secure the rolled configuration.', NULL);
INSERT INTO public.tag (id, created_at, updated_at, title, tag_category_id, description, acronym) VALUES (28, '2021-10-03 05:02:16.499319+00', '2021-10-03 05:02:16.499319+00', 'Bag, Extra Sample Collection', 2, 'These documented sample bags are designed to hol an 11-cm diameter rock.  Each of the flat bags has a unique number by which to identify the samples placed inside.  Two tabs are attached to the top center of each bag.  One tab attaches the bag to the dispenser and tears away when the astronaut pulls the other tab.  This process also causes the bag to be opened.  After the sample is placed inside the top is rolled down and the aluminum tabs are folded over to secure the rolled configuration.', NULL);
INSERT INTO public.tag (id, created_at, updated_at, title, tag_category_id, description, acronym) VALUES (29, '2021-10-03 05:02:16.499319+00', '2021-10-03 05:02:16.499319+00', 'Bag, Extra Sample Collection', 2, 'These documented sample bags are designed to hol an 11-cm diameter rock.  Each of the flat bags has a unique number by which to identify the samples placed inside.  Two tabs are attached to the top center of each bag.  One tab attaches the bag to the dispenser and tears away when the astronaut pulls the other tab.  This process also causes the bag to be opened.  After the sample is placed inside the top is rolled down and the aluminum tabs are folded over to secure the rolled configuration.', NULL);
INSERT INTO public.tag (id, created_at, updated_at, title, tag_category_id, description, acronym) VALUES (30, '2021-10-03 05:02:16.499319+00', '2021-10-03 05:02:16.499319+00', 'Bag, Extra Sample Collection', 2, 'These documented sample bags are designed to hol an 11-cm diameter rock.  Each of the flat bags has a unique number by which to identify the samples placed inside.  Two tabs are attached to the top center of each bag.  One tab attaches the bag to the dispenser and tears away when the astronaut pulls the other tab.  This process also causes the bag to be opened.  After the sample is placed inside the top is rolled down and the aluminum tabs are folded over to secure the rolled configuration.', NULL);
INSERT INTO public.tag (id, created_at, updated_at, title, tag_category_id, description, acronym) VALUES (31, '2021-10-03 05:02:16.499319+00', '2021-10-03 05:02:16.499319+00', 'Bag, Extra Sample Collection', 2, 'These documented sample bags are designed to hol an 11-cm diameter rock.  Each of the flat bags has a unique number by which to identify the samples placed inside.  Two tabs are attached to the top center of each bag.  One tab attaches the bag to the dispenser and tears away when the astronaut pulls the other tab.  This process also causes the bag to be opened.  After the sample is placed inside the top is rolled down and the aluminum tabs are folded over to secure the rolled configuration.', NULL);
INSERT INTO public.tag (id, created_at, updated_at, title, tag_category_id, description, acronym) VALUES (32, '2021-10-03 05:02:16.499319+00', '2021-10-03 05:02:16.499319+00', 'Bag, Extra Sample Monitor', 2, 'These documented sample bags are designed to hol an 11-cm diameter rock.  Each of the flat bags has a unique number by which to identify the samples placed inside.  Two tabs are attached to the top center of each bag.  One tab attaches the bag to the dispenser and tears away when the astronaut pulls the other tab.  This process also causes the bag to be opened.  After the sample is placed inside the top is rolled down and the aluminum tabs are folded over to secure the rolled configuration.', NULL);
INSERT INTO public.tag (id, created_at, updated_at, title, tag_category_id, description, acronym) VALUES (69, '2021-10-03 05:02:16.499319+00', '2021-10-03 05:02:16.499319+00', 'Extension Handle, Long', 2, 'A single extension handle can be used with a scoop, hammer, rake, core tube or drive tube, thus, saving the added weight of each tool having a long handle. When attached to a core tube or a drive tube, the extension handle is pounded with the hammer to drive the tubes into the soil. Length - 76cm.', NULL);
INSERT INTO public.tag (id, created_at, updated_at, title, tag_category_id, description, acronym) VALUES (33, '2021-10-03 05:02:16.499319+00', '2021-10-03 05:02:16.499319+00', 'Bag, Extra Sample Monitor', 2, 'These documented sample bags are designed to hol an 11-cm diameter rock.  Each of the flat bags has a unique number by which to identify the samples placed inside.  Two tabs are attached to the top center of each bag.  One tab attaches the bag to the dispenser and tears away when the astronaut pulls the other tab.  This process also causes the bag to be opened.  After the sample is placed inside the top is rolled down and the aluminum tabs are folded over to secure the rolled configuration.', NULL);
INSERT INTO public.tag (id, created_at, updated_at, title, tag_category_id, description, acronym) VALUES (34, '2021-10-03 05:02:16.499319+00', '2021-10-03 05:02:16.499319+00', 'Bag, Sample Collection', 2, 'These documented sample bags are designed to hol an 11-cm diameter rock.  Each of the flat bags has a unique number by which to identify the samples placed inside.  Two tabs are attached to the top center of each bag.  One tab attaches the bag to the dispenser and tears away when the astronaut pulls the other tab.  This process also causes the bag to be opened.  After the sample is placed inside the top is rolled down and the aluminum tabs are folded over to secure the rolled configuration.', NULL);
INSERT INTO public.tag (id, created_at, updated_at, title, tag_category_id, description, acronym) VALUES (35, '2021-10-03 05:02:16.499319+00', '2021-10-03 05:02:16.499319+00', 'Bag, Sample Collection', 2, 'These documented sample bags are designed to hol an 11-cm diameter rock.  Each of the flat bags has a unique number by which to identify the samples placed inside.  Two tabs are attached to the top center of each bag.  One tab attaches the bag to the dispenser and tears away when the astronaut pulls the other tab.  This process also causes the bag to be opened.  After the sample is placed inside the top is rolled down and the aluminum tabs are folded over to secure the rolled configuration.', NULL);
INSERT INTO public.tag (id, created_at, updated_at, title, tag_category_id, description, acronym) VALUES (36, '2021-10-03 05:02:16.499319+00', '2021-10-03 05:02:16.499319+00', 'Bag, Sample Collection', 2, 'These documented sample bags are designed to hol an 11-cm diameter rock.  Each of the flat bags has a unique number by which to identify the samples placed inside.  Two tabs are attached to the top center of each bag.  One tab attaches the bag to the dispenser and tears away when the astronaut pulls the other tab.  This process also causes the bag to be opened.  After the sample is placed inside the top is rolled down and the aluminum tabs are folded over to secure the rolled configuration.', NULL);
INSERT INTO public.tag (id, created_at, updated_at, title, tag_category_id, description, acronym) VALUES (37, '2021-10-03 05:02:16.499319+00', '2021-10-03 05:02:16.499319+00', 'Bag, Sample Collection', 2, 'These documented sample bags are designed to hol an 11-cm diameter rock.  Each of the flat bags has a unique number by which to identify the samples placed inside.  Two tabs are attached to the top center of each bag.  One tab attaches the bag to the dispenser and tears away when the astronaut pulls the other tab.  This process also causes the bag to be opened.  After the sample is placed inside the top is rolled down and the aluminum tabs are folded over to secure the rolled configuration.', NULL);
INSERT INTO public.tag (id, created_at, updated_at, title, tag_category_id, description, acronym) VALUES (38, '2021-10-03 05:02:16.499319+00', '2021-10-03 05:02:16.499319+00', 'Container, Apollo Lunar Sample Return (ALSRC), accessories', 2, NULL, NULL);
INSERT INTO public.tag (id, created_at, updated_at, title, tag_category_id, description, acronym) VALUES (39, '2021-10-03 05:02:16.499319+00', '2021-10-03 05:02:16.499319+00', 'Container, Apollo Lunar Sample Return (ALSRC), accessories', 2, NULL, NULL);
INSERT INTO public.tag (id, created_at, updated_at, title, tag_category_id, description, acronym) VALUES (40, '2021-10-03 05:02:16.499319+00', '2021-10-03 05:02:16.499319+00', 'Container, Apollo Lunar Sample Return (ALSRC)', 2, 'The Apollo Lunar Sample Return Container preserves a lunar-like vacuum around the samples and protects them from shock during the return flight and until they are opened in the Lunar Receiving Laboratory.  On the moon, while samples are being loaded, the seals are removed just prior to closing the box.  The ALSRC is held in a fixture at waist level to aid the astronauts in closing the cam latches. ', 'ALSRC, rock box, SRC');
INSERT INTO public.tag (id, created_at, updated_at, title, tag_category_id, description, acronym) VALUES (41, '2021-10-03 05:02:16.499319+00', '2021-10-03 05:02:16.499319+00', 'Container, Apollo Lunar Sample Return (ALSRC)', 2, 'The Apollo Lunar Sample Return Container preserves a lunar-like vacuum around the samples and protects them from shock during the return flight and until they are opened in the Lunar Receiving Laboratory.  On the moon, while samples are being loaded, the seals are removed just prior to closing the box.  The ALSRC is held in a fixture at waist level to aid the astronauts in closing the cam latches. ', 'ALSRC, rock box, SRC');
INSERT INTO public.tag (id, created_at, updated_at, title, tag_category_id, description, acronym) VALUES (42, '2021-10-03 05:02:16.499319+00', '2021-10-03 05:02:16.499319+00', 'Container, Core Sample Vacuum (CSVC)', 2, 'The CSVC is a derivative of te Special Environmental Sample Container, elongated to accomodate a 4-cm diameter drive tube. Same materials as SESC.', 'CSVC');
INSERT INTO public.tag (id, created_at, updated_at, title, tag_category_id, description, acronym) VALUES (43, '2021-10-03 05:02:16.499319+00', '2021-10-03 05:02:16.499319+00', 'Container, Special Environment Sample (SESC)', 2, 'The SESC can and lid were made from 304L stainless steel.  The indium alloy seal in the lid was indium with 10% silver, and the seal protectors were sheet teflon.
Both the knife-edge on the can and te indium alloy on the lid are packed for flight with teflon sheets covering the sealing surfaces to prevent dust from interfering with the seal.  After the astronaught fills the container with soil or rocks, he removes these seal protectors and closes the can.  A torque handle allows the lid to be preseed onthe the knife-edge of the can lip.  ', 'SESC');
INSERT INTO public.tag (id, created_at, updated_at, title, tag_category_id, description, acronym) VALUES (44, '2021-10-03 05:02:16.499319+00', '2021-10-03 05:02:16.499319+00', 'Drill System (ALSD)', 2, 'The astronaut first attaches the handle (which also serves as an "on/off" switch) to the power head with battery.  Then he sets this aside while he assembles the bit, lower core stem and one or two upper core stems.  These are attached to the power head and drilled ino the regolith.  The power head is detahed and one or two more upper core stems are added.   The power head is re-attached ad drilling continued.  When the desired depth is achieved, the drill is briefly powered at that depth to clear the flutes of "cuttings".  The power head is removed, the treadle is installed over the protruding stems, and the drill sting is jacked out of the soil.  The string is placed horizontally in a fixture on the rear of the rover.  Exposed ends are capped as the string is broken into 2 or 3 sections for packing.', 'Apollo Lunar Surface Drill');
INSERT INTO public.tag (id, created_at, updated_at, title, tag_category_id, description, acronym) VALUES (45, '2021-10-03 05:02:16.499319+00', '2021-10-03 05:02:16.499319+00', 'Drill, Stem, upper', 2, 'The exterior diameter of the drill stems is 2.5 cm, while the interior diameter is 2.0 cm.  The length of an upper stem tube is 42.5 cm, which includes 2.5 cm overlap where the tubes screw together.  Thus each tube is capable of holding a column of soil 40 cm long.  The lower stem tube is shorter because the bit is attached to it.  The lower stem tube is 39.0 cm long, and the bit is 6.0 cm long.  When the bit is attached to the lower stem tube the length is 42.5 cm., lke an upper stem tube.', NULL);
INSERT INTO public.tag (id, created_at, updated_at, title, tag_category_id, description, acronym) VALUES (46, '2021-10-03 05:02:16.499319+00', '2021-10-03 05:02:16.499319+00', 'Drill, Stem, upper', 2, 'The exterior diameter of the drill stems is 2.5 cm, while the interior diameter is 2.0 cm.  The length of an upper stem tube is 42.5 cm, which includes 2.5 cm overlap where the tubes screw together.  Thus each tube is capable of holding a column of soil 40 cm long.  The lower stem tube is shorter because the bit is attached to it.  The lower stem tube is 39.0 cm long, and the bit is 6.0 cm long.  When the bit is attached to the lower stem tube the length is 42.5 cm., lke an upper stem tube.', NULL);
INSERT INTO public.tag (id, created_at, updated_at, title, tag_category_id, description, acronym) VALUES (47, '2021-10-03 05:02:16.499319+00', '2021-10-03 05:02:16.499319+00', 'Drill, Stem, upper', 2, 'The exterior diameter of the drill stems is 2.5 cm, while the interior diameter is 2.0 cm.  The length of an upper stem tube is 42.5 cm, which includes 2.5 cm overlap where the tubes screw together.  Thus each tube is capable of holding a column of soil 40 cm long.  The lower stem tube is shorter because the bit is attached to it.  The lower stem tube is 39.0 cm long, and the bit is 6.0 cm long.  When the bit is attached to the lower stem tube the length is 42.5 cm., lke an upper stem tube.', NULL);
INSERT INTO public.tag (id, created_at, updated_at, title, tag_category_id, description, acronym) VALUES (70, '2021-10-03 05:02:16.499319+00', '2021-10-03 05:02:16.499319+00', 'Extension Handle, Long', 2, 'A single extension handle can be used with a scoop, hammer, rake, core tube or drive tube, thus, saving the added weight of each tool having a long handle. When attached to a core tube or a drive tube, the extension handle is pounded with the hammer to drive the tubes into the soil. Length - 76cm.', NULL);
INSERT INTO public.tag (id, created_at, updated_at, title, tag_category_id, description, acronym) VALUES (48, '2021-10-03 05:02:16.499319+00', '2021-10-03 05:02:16.499319+00', 'Drill, Stem, upper', 2, 'The exterior diameter of the drill stems is 2.5 cm, while the interior diameter is 2.0 cm.  The length of an upper stem tube is 42.5 cm, which includes 2.5 cm overlap where the tubes screw together.  Thus each tube is capable of holding a column of soil 40 cm long.  The lower stem tube is shorter because the bit is attached to it.  The lower stem tube is 39.0 cm long, and the bit is 6.0 cm long.  When the bit is attached to the lower stem tube the length is 42.5 cm., lke an upper stem tube.', NULL);
INSERT INTO public.tag (id, created_at, updated_at, title, tag_category_id, description, acronym) VALUES (49, '2021-10-03 05:02:16.499319+00', '2021-10-03 05:02:16.499319+00', 'Drill, Stem, lower', 2, 'The exterior diameter of the drill stems is 2.5 cm, while the interior diameter is 2.0 cm.  The length of an upper stem tube is 42.5 cm, which includes 2.5 cm overlap where the tubes screw together.  Thus each tube is capable of holding a column of soil 40 cm long.  The lower stem tube is shorter because the bit is attached to it.  The lower stem tube is 39.0 cm long, and the bit is 6.0 cm long.  When the bit is attached to the lower stem tube the length is 42.5 cm., lke an upper stem tube.', NULL);
INSERT INTO public.tag (id, created_at, updated_at, title, tag_category_id, description, acronym) VALUES (50, '2021-10-03 05:02:16.499319+00', '2021-10-03 05:02:16.499319+00', 'Drill, Stem, upper', 2, 'The exterior diameter of the drill stems is 2.5 cm, while the interior diameter is 2.0 cm.  The length of an upper stem tube is 42.5 cm, which includes 2.5 cm overlap where the tubes screw together.  Thus each tube is capable of holding a column of soil 40 cm long.  The lower stem tube is shorter because the bit is attached to it.  The lower stem tube is 39.0 cm long, and the bit is 6.0 cm long.  When the bit is attached to the lower stem tube the length is 42.5 cm., lke an upper stem tube.', NULL);
INSERT INTO public.tag (id, created_at, updated_at, title, tag_category_id, description, acronym) VALUES (51, '2021-10-03 05:02:16.499319+00', '2021-10-03 05:02:16.499319+00', 'Drill, Bit', 2, 'The exterior diameter of the drill stems is 2.5 cm, while the interior diameter is 2.0 cm.  The length of an upper stem tube is 42.5 cm, which includes 2.5 cm overlap where the tubes screw together.  Thus each tube is capable of holding a column of soil 40 cm long.  The lower stem tube is shorter because the bit is attached to it.  The lower stem tube is 39.0 cm long, and the bit is 6.0 cm long.  When the bit is attached to the lower stem tube the length is 42.5 cm., lke an upper stem tube.', NULL);
INSERT INTO public.tag (id, created_at, updated_at, title, tag_category_id, description, acronym) VALUES (52, '2021-10-03 05:02:16.499319+00', '2021-10-03 05:02:16.499319+00', 'Drill, Stem, upper', 2, 'The exterior diameter of the drill stems is 2.5 cm, while the interior diameter is 2.0 cm.  The length of an upper stem tube is 42.5 cm, which includes 2.5 cm overlap where the tubes screw together.  Thus each tube is capable of holding a column of soil 40 cm long.  The lower stem tube is shorter because the bit is attached to it.  The lower stem tube is 39.0 cm long, and the bit is 6.0 cm long.  When the bit is attached to the lower stem tube the length is 42.5 cm., lke an upper stem tube.', NULL);
INSERT INTO public.tag (id, created_at, updated_at, title, tag_category_id, description, acronym) VALUES (53, '2021-10-03 05:02:16.499319+00', '2021-10-03 05:02:16.499319+00', 'Drill, Stem, upper', 2, 'The exterior diameter of the drill stems is 2.5 cm, while the interior diameter is 2.0 cm.  The length of an upper stem tube is 42.5 cm, which includes 2.5 cm overlap where the tubes screw together.  Thus each tube is capable of holding a column of soil 40 cm long.  The lower stem tube is shorter because the bit is attached to it.  The lower stem tube is 39.0 cm long, and the bit is 6.0 cm long.  When the bit is attached to the lower stem tube the length is 42.5 cm., lke an upper stem tube.', NULL);
INSERT INTO public.tag (id, created_at, updated_at, title, tag_category_id, description, acronym) VALUES (54, '2021-10-03 05:02:16.499319+00', '2021-10-03 05:02:16.499319+00', 'Drive Tube, 4-cm Diameter', 2, 'A drive tube is designed to obtain continuous soil columns down to 70cm in depth.  This tube is designed to be easily opened in the laboratory.  It is wider diameter than its predecessor, the core tube.  ', NULL);
INSERT INTO public.tag (id, created_at, updated_at, title, tag_category_id, description, acronym) VALUES (55, '2021-10-03 05:02:16.499319+00', '2021-10-03 05:02:16.499319+00', 'Drive Tube, 4-cm Diameter, cap & bracket assembly', 2, 'Cap dispenser with Teflon caps.', NULL);
INSERT INTO public.tag (id, created_at, updated_at, title, tag_category_id, description, acronym) VALUES (56, '2021-10-03 05:02:16.499319+00', '2021-10-03 05:02:16.499319+00', 'Drive Tube, 4-cm Diameter, cap & bracket assembly', 2, 'Cap dispenser with Teflon caps.', NULL);
INSERT INTO public.tag (id, created_at, updated_at, title, tag_category_id, description, acronym) VALUES (57, '2021-10-03 05:02:16.499319+00', '2021-10-03 05:02:16.499319+00', 'Drive Tube, 4-cm Diameter, lower', 2, '"Lower" configuration of 4-cm-diameter drive tube with top end closure and extension handle adapter (the "plug" at the left) and the bottom end closure "the "cap" at the right) removed. The shiny bit is stainless steel and is permanently attached to the aluminum tube.', NULL);
INSERT INTO public.tag (id, created_at, updated_at, title, tag_category_id, description, acronym) VALUES (58, '2021-10-03 05:02:16.499319+00', '2021-10-03 05:02:16.499319+00', 'Drive Tube, 4-cm Diameter, Ram tool', 2, ' The slender rod below is a ramming device which allows the keeper to be pushed down to the surface of the soil to confine it inside the tube. The rammer is inserted through a small hole in the plug (left end).', NULL);
INSERT INTO public.tag (id, created_at, updated_at, title, tag_category_id, description, acronym) VALUES (59, '2021-10-03 05:02:16.499319+00', '2021-10-03 05:02:16.499319+00', 'Drive Tube, 4-cm Diameter, cap & bracket assembly', 2, 'Cap dispenser with Teflon caps.', NULL);
INSERT INTO public.tag (id, created_at, updated_at, title, tag_category_id, description, acronym) VALUES (60, '2021-10-03 05:02:16.499319+00', '2021-10-03 05:02:16.499319+00', 'Drive Tube, 4-cm Diameter, lower', 2, '"Lower" configuration of 4-cm-diameter drive tube with top end closure and extension handle adapter (the "plug" at the left) and the bottom end closure "the "cap" at the right) removed. The shiny bit is stainless steel and is permanently attached to the aluminum tube.', NULL);
INSERT INTO public.tag (id, created_at, updated_at, title, tag_category_id, description, acronym) VALUES (61, '2021-10-03 05:02:16.499319+00', '2021-10-03 05:02:16.499319+00', 'Drive Tube, 4-cm Diameter, cap & bracket assembly', 2, 'Cap dispenser with Teflon caps.', NULL);
INSERT INTO public.tag (id, created_at, updated_at, title, tag_category_id, description, acronym) VALUES (62, '2021-10-03 05:02:16.499319+00', '2021-10-03 05:02:16.499319+00', 'Drive Tube, 4-cm Diameter, upper', 2, '"Lower" configuration of 4-cm-diameter drive tube with top end closure and extension handle adapter (the "plug" at the left) and the bottom end closure "the "cap" at the right) removed. The shiny bit is stainless steel and is permanently attached to the aluminum tube.', NULL);
INSERT INTO public.tag (id, created_at, updated_at, title, tag_category_id, description, acronym) VALUES (63, '2021-10-03 05:02:16.499319+00', '2021-10-03 05:02:16.499319+00', 'Drive Tube, 4-cm Diameter, lower', 2, '"Lower" configuration of 4-cm-diameter drive tube with top end closure and extension handle adapter (the "plug" at the left) and the bottom end closure "the "cap" at the right) removed. The shiny bit is stainless steel and is permanently attached to the aluminum tube.', NULL);
INSERT INTO public.tag (id, created_at, updated_at, title, tag_category_id, description, acronym) VALUES (64, '2021-10-03 05:02:16.499319+00', '2021-10-03 05:02:16.499319+00', 'Drive Tube, 4-cm Diameter, upper', 2, '"Upper" configuration of 4-cm drive tube with plug in place. The external threads on the bottom allow this tube to be screwed into a lower configuration tube to lengthen the core barrel. Note that "upper" configuration tubes do not have hardened bits.', NULL);
INSERT INTO public.tag (id, created_at, updated_at, title, tag_category_id, description, acronym) VALUES (65, '2021-10-03 05:02:16.499319+00', '2021-10-03 05:02:16.499319+00', 'Drive Tube, 4-cm Diameter, lower', 2, '"Lower" configuration of 4-cm-diameter drive tube with top end closure and extension handle adapter (the "plug" at the left) and the bottom end closure "the "cap" at the right) removed. The shiny bit is stainless steel and is permanently attached to the aluminum tube.', NULL);
INSERT INTO public.tag (id, created_at, updated_at, title, tag_category_id, description, acronym) VALUES (66, '2021-10-03 05:02:16.499319+00', '2021-10-03 05:02:16.499319+00', 'Drive Tube, 4-cm Diameter, upper', 2, '"Upper" configuration of 4-cm drive tube with plug in place. The external threads on the bottom allow this tube to be screwed into a lower configuration tube to lengthen the core barrel. Note that "upper" configuration tubes do not have hardened bits.', NULL);
INSERT INTO public.tag (id, created_at, updated_at, title, tag_category_id, description, acronym) VALUES (67, '2021-10-03 05:02:16.499319+00', '2021-10-03 05:02:16.499319+00', 'Drive Tube, 4-cm Diameter, lower', 2, '"Lower" configuration of 4-cm-diameter drive tube with top end closure and extension handle adapter (the "plug" at the left) and the bottom end closure "the "cap" at the right) removed. The shiny bit is stainless steel and is permanently attached to the aluminum tube.', NULL);
INSERT INTO public.tag (id, created_at, updated_at, title, tag_category_id, description, acronym) VALUES (68, '2021-10-03 05:02:16.499319+00', '2021-10-03 05:02:16.499319+00', 'Drive Tube, 4-cm Diameter, upper', 2, '"Upper" configuration of 4-cm drive tube with plug in place. The external threads on the bottom allow this tube to be screwed into a lower configuration tube to lengthen the core barrel. Note that "upper" configuration tubes do not have hardened bits.', NULL);
INSERT INTO public.tag (id, created_at, updated_at, title, tag_category_id, description, acronym) VALUES (115, '2021-10-03 14:35:13.95088+00', '2021-10-03 14:35:13.95088+00', 'Flex Hose Rotary Coupler', 4, 'The Flex Hose Rotary Coupler (FHRC) is part of the Thermal Radiator Rotary Joint. This supports the S1 and P1 Thermal Radiators', 'FHRC');
INSERT INTO public.tag (id, created_at, updated_at, title, tag_category_id, description, acronym) VALUES (71, '2021-10-03 05:02:16.499319+00', '2021-10-03 05:02:16.499319+00', 'Gnomon', 2, 'The gnomon is a gimbaled stadia rod mounted on a tripod, such that the rod is free to point vertically.  The shadow cast by the staff indicates sun angle and hence, direction.  The rod length and the painted scal provides a reference for estimating the sizes of nearby objects.  Shades of gray ranging in reflectivity from 5 to 35% and a color scale enables more accurate determination of rock and soil colors by comparison.', NULL);
INSERT INTO public.tag (id, created_at, updated_at, title, tag_category_id, description, acronym) VALUES (73, '2021-10-03 05:02:16.499319+00', '2021-10-03 05:02:16.499319+00', 'Rake', 2, 'The rake is used to gather a representative collection of pebbles > 1 cm from the regolith.  It is used with an extension handle, and the angle of the basket is adjustable.  First an undisturbed builk sample of regoith is taken.  Then approximately 1 m^2 of surface is raked to collect all pebbles greater than 1cm.', NULL);
INSERT INTO public.tag (id, created_at, updated_at, title, tag_category_id, description, acronym) VALUES (74, '2021-10-03 05:02:16.499319+00', '2021-10-03 05:02:16.499319+00', 'Sampler, Lunar Rover Soil', 2, 'Lunar Roving Vehicle Sampler consists of a head, which contains a stack of cup-shaped sample bags similar to the ones used on Apollo 12 and 14, attached to a Universal Handling Tool (UHT). At intervals along the Rover traverses.  The LRV sampler allows the astronaut to take samples  without getting off the vehicle.', NULL);
INSERT INTO public.tag (id, created_at, updated_at, title, tag_category_id, description, acronym) VALUES (75, '2021-10-03 05:02:16.499319+00', '2021-10-03 05:02:16.499319+00', 'Scale, Sample', 2, 'Graduated in 5 lb. increments to a maximum capacity of 80 lbs (lunar weight).  The scale house is made from aluminum.  Dimensions: 35 cm overall length.', NULL);
INSERT INTO public.tag (id, created_at, updated_at, title, tag_category_id, description, acronym) VALUES (76, '2021-10-03 05:02:16.499319+00', '2021-10-03 05:02:16.499319+00', 'Scoop, Large Adjustable', 2, 'Stowed in the lunar rover tool carrier.', NULL);
INSERT INTO public.tag (id, created_at, updated_at, title, tag_category_id, description, acronym) VALUES (77, '2021-10-03 05:02:16.499319+00', '2021-10-03 05:02:16.499319+00', 'Tongs, 32-inch', 2, 'Used for picking up individual roccks with dimensions less than 6-10 cm. The 32-inch tongs are carried in the large tool carrier aboard the rover.', NULL);
INSERT INTO public.tag (id, created_at, updated_at, title, tag_category_id, description, acronym) VALUES (78, '2021-10-03 05:02:16.499319+00', '2021-10-03 05:02:16.499319+00', 'Tongs, 32-inch', 2, 'Used for picking up individual roccks with dimensions less than 6-10 cm. The 32-inch tongs are carried in the large tool carrier aboard the rover.', NULL);
INSERT INTO public.tag (id, created_at, updated_at, title, tag_category_id, description, acronym) VALUES (79, '2021-10-03 05:07:32.331146+00', '2021-10-03 05:07:32.331146+00', 'Space Launch System Block 1', 3, 'The Space Launch System (SLS) is a powerful, advanced rocket for a new era of human exploration beyond Earth''s orbit.  SLS will launch astronauts aboard the Orion spacecraft.  SLS is designed to safely send humans to deep space and can support a variety of complex missions.  ', 'SLS');
INSERT INTO public.tag (id, created_at, updated_at, title, tag_category_id, description, acronym) VALUES (80, '2021-10-03 05:07:32.331146+00', '2021-10-03 05:07:32.331146+00', 'Orion Crew Vehicle', 3, 'The Orion spacecraft is designed to be launched on the Space Launch System (SLS) and is capable of carrying and sustaina a crew of four for 21 days (with on-board consumables) or longer (when docked to a habitation system that allows Orion systems to be powered down).', 'OCV');
INSERT INTO public.tag (id, created_at, updated_at, title, tag_category_id, description, acronym) VALUES (81, '2021-10-03 05:07:32.331146+00', '2021-10-03 05:07:32.331146+00', 'Exploration Ground Systems', 3, 'EGS was established to develop and operate the systems and facilities necessary to process and launch government and commercial rockets and spacecraft during assembly, transport, and launch and retun of rocket stages or return of winged spacecraft to landing sites.', 'EGS');
INSERT INTO public.tag (id, created_at, updated_at, title, tag_category_id, description, acronym) VALUES (82, '2021-10-03 05:07:32.331146+00', '2021-10-03 05:07:32.331146+00', 'Deep Space Network', 3, 'Upgrades to the Deep Space Network''s (DSN) 34-meter subnet will provide continuous high-rate command and telemetry services to the Gateway, Human Landing System, and other Artemis space systems.  These new services are required to support human operations at the Moon and to return high volumes of scientific data from payloads planned for the Gateway and the Lunar surface.  The Deep Space Network upgrades are critical to meeting the nation''s challenge to land humans on the Moon by 2024 and following human exploration of Mars.', 'DSN');
INSERT INTO public.tag (id, created_at, updated_at, title, tag_category_id, description, acronym) VALUES (83, '2021-10-03 05:07:32.331146+00', '2021-10-03 05:07:32.331146+00', 'Commercial Lunar Payload Services', 3, 'The Commercial Lunar Payload Services (CLPS) provides commercial delivery services for small and medium payloads to the lunar surface.  By engaging American companies to deliver key science and technology payloads, CLPS is crucial to NASA''s straegic goal of catalyzing lunar economic growth.  CLPS is leading America''s return to the lunar surface and is an important predecessor to the eventual return of humans to the lunar surface in 2024. ', 'CLPS');
INSERT INTO public.tag (id, created_at, updated_at, title, tag_category_id, description, acronym) VALUES (84, '2021-10-03 05:07:32.331146+00', '2021-10-03 05:07:32.331146+00', 'Volatiles Investigating Polar Exploration Rover', 3, 'Planned for delivery to the lunar surface in 2023 and about the size of a golf cart, the Volatiles Investigating Polar Exploration Rover. (VIPER) will roam several miles, using its four science instruments --including a 1-meter drill--to sample various soil environments.  VIPER will collect about 100 days of data that will be used to inform the first global water resource maps of the Moon.', 'VIPER');
INSERT INTO public.tag (id, created_at, updated_at, title, tag_category_id, description, acronym) VALUES (85, '2021-10-03 05:07:32.331146+00', '2021-10-03 05:07:32.331146+00', 'Power and Propulsion Element', 3, 'The Power and Propulsion Element (PPE) will be integrated with the HALO and launched to lunar Near Rectilinear Halo Orbit.  ', 'PPE');
INSERT INTO public.tag (id, created_at, updated_at, title, tag_category_id, description, acronym) VALUES (86, '2021-10-03 05:07:32.331146+00', '2021-10-03 05:07:32.331146+00', 'Habitation and Logistics Outpost', 3, 'The Habitation and Logistics Outpost (HALO) will be integrated with the PPE and launched on a commercial vehicle to the Near Rectilinear Halo Orbit.  The HALO provides radial and axial IDSS compatible docking ports for visiting vehicles.', 'HALO');
INSERT INTO public.tag (id, created_at, updated_at, title, tag_category_id, description, acronym) VALUES (87, '2021-10-03 05:07:32.331146+00', '2021-10-03 05:07:32.331146+00', 'Deep Space Logistics', 3, 'Gateway Logistics Services deliver cargo, science experiments, and supplies to the Gateway, such as sample collection materials and other items the crew may need on the Gateway and during their expeditions on the lunar surface.  They also provide stowage volume while attached to Gateway and trash disposal upon departure.', 'DSL');
INSERT INTO public.tag (id, created_at, updated_at, title, tag_category_id, description, acronym) VALUES (88, '2021-10-03 05:07:32.331146+00', '2021-10-03 05:07:32.331146+00', 'Eploration Extravehicular Activity System', 3, 'The destination-agnostic Exploration Extravehicular Activity System (xEVA) is built for both Moonwalks and spacewalks and is designed for upgrades as technologies advance and missions evolve.  The vehicle interface systems and equipment feature a common design but can be customized to fit into multiple elements of the Artemis campaign.  xEVA is designed for a long service life and leverages systems from ISS testing for most planned servicing tasks.', 'xEVA');
INSERT INTO public.tag (id, created_at, updated_at, title, tag_category_id, description, acronym) VALUES (89, '2021-10-03 05:07:32.331146+00', '2021-10-03 05:07:32.331146+00', 'Human Landing System', 3, 'The Human Landing System will be the final vehicle that the crew board for the descent to the lunar surface.  After surface expeditions, the crew will return to the HLS for ascent back to lunar orbit before the return trip home to Earth.  Early HLS are expected to provide surface access for two crew, with later, more sustainable HLS accommodating four crew on the surface. ', 'HLS');
INSERT INTO public.tag (id, created_at, updated_at, title, tag_category_id, description, acronym) VALUES (90, '2021-10-03 05:07:32.331146+00', '2021-10-03 05:07:32.331146+00', 'Lunar Terrain Vehicle', 3, 'The Lunar Terrain Vehicle (LTV) is the surface trasportation system for the 2024 human lunar return.  Significantly extends the range of crew excursions, enabling more science, resource prospecting, and exploration.  The LTV also can be tele-operated to perform science during the non-crewed lunar periods and transport small deployable assets to desirable locations.', 'LTV');
INSERT INTO public.tag (id, created_at, updated_at, title, tag_category_id, description, acronym) VALUES (116, '2021-10-03 14:35:13.95088+00', '2021-10-03 14:35:13.95088+00', 'Adjustible Volume Airlock', 4, 'The Adjustable Volume Airlock (AVA) is a mock-up built to validate requirements being developed for the Gateway and Exploration Programs.', 'AVA');
INSERT INTO public.tag (id, created_at, updated_at, title, tag_category_id, description, acronym) VALUES (72, '2021-10-03 05:02:16.499319+00', '2021-10-03 17:39:33.479418+00', 'Hammer, Heavy-weight', 2, 'This tool is used to break chips from rocks or to drive core tubes into the soil.  It is designed to be used as a hoe for digging furrows when attached to an extension handle. ', 'Hammer');
INSERT INTO public.tag (id, created_at, updated_at, title, tag_category_id, description, acronym) VALUES (91, '2021-10-03 05:07:32.331146+00', '2021-10-03 05:07:32.331146+00', 'Lunar Ground Stations', 3, 'Lunar Ground Stations (LGS) will create a global network of 18-meter class antennas critical to meeting future demand for communication and tracking services created by sustained Lunar exploration.  Additional capacity is required to service Artemis robotic and support elements such as CLPS, LSSMS, GLS, and LunaNet.  Migrating traffic from the DSN''s 34-meter subnet to the new LGS will preserve DSN capacity for NASA''s planetary science missions and human exploration of Mars.  NASA will pursue opportunities for commercial entieies to provide LGS service.', 'LGS');
INSERT INTO public.tag (id, created_at, updated_at, title, tag_category_id, description, acronym) VALUES (92, '2021-10-03 05:07:32.331146+00', '2021-10-03 05:07:32.331146+00', 'LunaNet', 3, 'LunaNet is envisioned as a framework of stadards, protocols, and interfaces to support a scalable communications and navigation network for NASA and other partners in cis-Lunar space.  LunaNet will provide the basis for seamless robotic, science, and human operations by providing networked communication, PNT, science, and alert services.  The LunaNet architecture is scalable to meet immediate mission needs at the Lunar south pole and Lunar far side and to provide global Lunar coverage as demand grows.', 'PNT');
INSERT INTO public.tag (id, created_at, updated_at, title, tag_category_id, description, acronym) VALUES (93, '2021-10-03 05:07:32.331146+00', '2021-10-03 05:07:32.331146+00', 'Habitable Mobility Platform', 3, 'The Habitable Mobility Platform (HMP) will vastly expand the range of possible excursions and enable new science, resource prospecting, and exploration.  The HMP will be used for analogs of Mars surface activities on the Moon to reduce risk and optimize operations concepts.  The lunar HMP will be greatly leveraged for the Mars HMP.', 'HMP');
INSERT INTO public.tag (id, created_at, updated_at, title, tag_category_id, description, acronym) VALUES (94, '2021-10-03 05:07:32.331146+00', '2021-10-03 05:07:32.331146+00', 'Foundation Surface Habitat', 3, 'The Foundation Surface Habitat (FSH) will provide a continuous, long-term outpost for crew to visit for up to 60 days.  Delivered through commercial / international partnerships, the FSH will provide the support necessary for extended human occupation.', 'FSH');
INSERT INTO public.tag (id, created_at, updated_at, title, tag_category_id, description, acronym) VALUES (95, '2021-10-03 05:07:32.331146+00', '2021-10-03 05:07:32.331146+00', 'Lunar/Mars Surface Power', 3, 'To support sustainable operations through the lunar night and empower human exploration of Mars, NASA is developing a modular nuclear fission power source up to 10KW.  Near-term demonstration of the lunar surface can provide reliable power to human landers, habitats, and ISRU systems continuously through eclipse periods and provide a proving ground to extend the capability as a power source tha twill enable Mars exploration.', NULL);
INSERT INTO public.tag (id, created_at, updated_at, title, tag_category_id, description, acronym) VALUES (96, '2021-10-03 05:07:32.331146+00', '2021-10-03 05:07:32.331146+00', 'Lunar Surface Innovation Initiative', 3, 'The Lunar Surface Innovation Initiative (LSII) is a technology development portfolio to enable human and robotic exploration on the Moon and future operations on Mars.  Through LSII, NASA is devloping and performing demonstration to retire the primary  technology hurdles in key capability areas.  The activities will be implemented through a combination of unique NASA work and public-private partnerships.  ', 'LSII');
INSERT INTO public.tag (id, created_at, updated_at, title, tag_category_id, description, acronym) VALUES (98, '2021-10-03 14:35:13.95088+00', '2021-10-03 14:35:13.95088+00', 'Phase VI Gloves', 4, 'The Z-2.5 suit uses the EMU Phase VI Gloves which are the current gloves used for the EMU. Each glove consists of a bladder for pressure retention, a polyester cloth restraint, gimbal(s) for wrist mobility, a palm restraint to prevent distention, a stainless steel bearing/passive disconnect for wrist rotation and interface with the wrist disconnect on the arm assembly, a detachable Thermal Micrometeoroid Garment (cover), and a tether loop for temporarily attaching wrist tethers. ', NULL);
INSERT INTO public.tag (id, created_at, updated_at, title, tag_category_id, description, acronym) VALUES (99, '2021-10-03 14:35:13.95088+00', '2021-10-03 14:35:13.95088+00', 'Lower Torso Assembly', 4, 'The EMU Lower Torso Assembly (LTA) connects to the Z-2.5 UTA via the EMU LTAs Body Seal Closure (BSC) and a BSC adapter on the EMU Wedge adapter interface on the UTA. The EMU LTA consists of the EMU waist/brief assembly, EMU legs, EMU boots, and optional thigh/leg sizing rings. The Z-2.5 suit attaches to the EMU waist/brief assembly via the EMU Wedge adapter. Z-2.5 can be used with the -03 EMU brief and a Standard XS or Adjustable 01/02 waist.', 'LTA');
INSERT INTO public.tag (id, created_at, updated_at, title, tag_category_id, description, acronym) VALUES (100, '2021-10-03 14:35:13.95088+00', '2021-10-03 14:35:13.95088+00', 'Modified Liquid Cooling and Ventilation Garment', 4, NULL, 'LCVG');
INSERT INTO public.tag (id, created_at, updated_at, title, tag_category_id, description, acronym) VALUES (101, '2021-10-03 14:35:13.95088+00', '2021-10-03 14:35:13.95088+00', 'Maximum Absorbency Garment', 4, 'The MAG is a waste containment garment for crewmember use during NBL or other extended test activity. The MAG (if used) is worn under the LCVG and TCU. This is the same MAG used for the EMU space suit.', 'MAG');
INSERT INTO public.tag (id, created_at, updated_at, title, tag_category_id, description, acronym) VALUES (102, '2021-10-03 14:35:13.95088+00', '2021-10-03 14:35:13.95088+00', 'Thermal Comfort Undergarment', 4, 'The TCU is a two-piece (top and bottom), crew underclothing. The TCU is worn under the LCVG to improve crew comfort and hygiene. This is the same TCU used for the EMU space suit.', 'TCU');
INSERT INTO public.tag (id, created_at, updated_at, title, tag_category_id, description, acronym) VALUES (103, '2021-10-03 14:35:13.95088+00', '2021-10-03 14:35:13.95088+00', 'Miscellaneous Undergarments', 4, NULL, NULL);
INSERT INTO public.tag (id, created_at, updated_at, title, tag_category_id, description, acronym) VALUES (104, '2021-10-03 14:35:13.95088+00', '2021-10-03 14:35:13.95088+00', 'Valsalva', 4, 'The Valsalva device is a foam block that is shaped to seal around the nose, enabling suit subjects to conduct a Valsalva maneuver when the suit pressurizes. The Z-2.5 suit uses the EMU Valsalva device.', 'Valsava');
INSERT INTO public.tag (id, created_at, updated_at, title, tag_category_id, description, acronym) VALUES (105, '2021-10-03 14:35:13.95088+00', '2021-10-03 14:35:13.95088+00', 'Disposable In-Suit Drink Bag (DIDB)', 4, 'The Disposable In-Suit Drink Bag (DIDB) is the same drink bag used for the EMU. It is a heat-sealed, flexible container made of polyurethane film and has capacity for 32 ounces of drinking water for use during suited activities.', 'DIDB');
INSERT INTO public.tag (id, created_at, updated_at, title, tag_category_id, description, acronym) VALUES (106, '2021-10-03 14:35:13.95088+00', '2021-10-03 14:35:13.95088+00', 'Fresnel Lens', 4, NULL, NULL);
INSERT INTO public.tag (id, created_at, updated_at, title, tag_category_id, description, acronym) VALUES (107, '2021-10-03 14:35:13.95088+00', '2021-10-03 14:35:13.95088+00', 'Display and Control', 4, 'This DCU weighs around 5 lbs. The pocket can be filled with weights (around 5 lbs.) to make it negatively buoyant. It has built in switches and switch guards that mock-up the configuration planned for the xEMU DCU.', 'DCU');
INSERT INTO public.tag (id, created_at, updated_at, title, tag_category_id, description, acronym) VALUES (108, '2021-10-03 14:35:13.95088+00', '2021-10-03 14:35:13.95088+00', 'Portable Life Support Systems', 4, 'The Z-2.5 NBL PLSS Mock-up provides the breathing gas, cooling water, and communication interfaces to the suit via a volumetric xEMU PLSS shell. The Z-2.5 NBL PLSS mock-up is bolted to the Z-2.5 hatch via 4 fasteners
and connects to a PLSS hitch that helps to align and support the Z-2.5 NBL PLSS Mock-up. ', 'PLSS');
INSERT INTO public.tag (id, created_at, updated_at, title, tag_category_id, description, acronym) VALUES (109, '2021-10-03 14:35:13.95088+00', '2021-10-03 14:35:13.95088+00', 'Simplified Aid for EVA Rescue', 4, 'The Z-2.5 NBL PLSS Mock-up has provisions for NBL SAFER attachment using four Airlock Adapter Plate mounts.', 'SAFER');
INSERT INTO public.tag (id, created_at, updated_at, title, tag_category_id, description, acronym) VALUES (110, '2021-10-03 14:35:13.95088+00', '2021-10-03 14:35:13.95088+00', 'Wireless Video System', 4, 'The Water Video System (WVS) consists of a non-flight like wired, underwater helmet camera that is mounted to the Z-2.5 Extravehicular Visor Assembly (EVVA). The WVSs housing represents the proposed xEMU Demo camera housing volume. The camera can be mounted on the top or the side of the EVVA through an EVVA band adapter.', 'WVS');
INSERT INTO public.tag (id, created_at, updated_at, title, tag_category_id, description, acronym) VALUES (111, '2021-10-03 14:35:13.95088+00', '2021-10-03 14:35:13.95088+00', 'xEMU Lights', 4, NULL, 'EHIP');
INSERT INTO public.tag (id, created_at, updated_at, title, tag_category_id, description, acronym) VALUES (112, '2021-10-03 14:35:13.95088+00', '2021-10-03 14:35:13.95088+00', 'Z-2.5 NBL Donning Stand Attachment', 4, 'The Z-2.5 space suit donning stand attachment interfaces the Z-2.5 space suit with the NBL donning stand. Similar to the Z-2 NBL donning attachment design, the space suit faces into the stand to support the rear entry hatch. The donning stand interfaces with the MMWS mounts on the front of the suit and posts on the EMU wedge adapter that help guide the MMWS mounts into place and support the suit.', 'Z-2.5');
INSERT INTO public.tag (id, created_at, updated_at, title, tag_category_id, description, acronym) VALUES (113, '2021-10-03 14:35:13.95088+00', '2021-10-03 14:35:13.95088+00', 'Remote Power Control Module', 4, 'The Remote Power Control Module (RPCM) distributes power to parts of the ISS. This worksite was chosen for subjects to complete a basic evaluation of the EMU Tool suite.', 'RPCM');
INSERT INTO public.tag (id, created_at, updated_at, title, tag_category_id, description, acronym) VALUES (114, '2021-10-03 14:35:13.95088+00', '2021-10-03 14:35:13.95088+00', 'Interface Heat Exchanger', 4, 'The Interface Heat Exchanger (IFHX) performs the function of removing heat from the pressurized portions of the ISS. ', 'IFHX');
INSERT INTO public.equipment (id, created_at, updated_at, title, manufacturer, serial_number, weight, image_url, tag_id) VALUES (24, '2021-10-03 02:25:09.914774+00', '2021-10-03 05:05:10.422984+00', 'Drill System (ALSD)', NULL, NULL, 11068.0, 'https://www.hq.nasa.gov/alsj/tools/judy19.jpg', 53);
INSERT INTO public.equipment (id, created_at, updated_at, title, manufacturer, serial_number, weight, image_url, tag_id) VALUES (64, '2021-10-03 14:31:46.325806+00', '2021-10-03 14:36:39.849102+00', 'Miscellaneous Undergarments', NULL, NULL, NULL, NULL, 103);
INSERT INTO public.equipment (id, created_at, updated_at, title, manufacturer, serial_number, weight, image_url, tag_id) VALUES (30, '2021-10-03 02:25:09.914774+00', '2021-10-03 05:05:10.422984+00', 'Drill, Stem, upper', 'Chicago Latrobe, cutting tips; Martin Marietta drill stems', '066', 195.4, 'https://www.hq.nasa.gov/alsj/tools/judy23.jpg', 50);
INSERT INTO public.equipment (id, created_at, updated_at, title, manufacturer, serial_number, weight, image_url, tag_id) VALUES (9, '2021-10-03 02:25:09.914774+00', '2021-10-03 05:05:10.422984+00', 'Bag, Extra Sample Collection', 'Union Carbide, Nuclear Division', 'SCB2', 564.3, 'https://www.hq.nasa.gov/alsj/tools/judy97.jpg', 29);
INSERT INTO public.equipment (id, created_at, updated_at, title, manufacturer, serial_number, weight, image_url, tag_id) VALUES (2, '2021-10-03 02:25:09.914774+00', '2021-10-03 05:05:10.422984+00', 'Bag, Documented Sample, Flat, Rectangular-shape 20 bag dispenser', 'Union Carbide, Nuclear Division', '1022', 447.3, 'https://www.hq.nasa.gov/alsj/tools/judy79.jpg', 22);
INSERT INTO public.equipment (id, created_at, updated_at, title, manufacturer, serial_number, weight, image_url, tag_id) VALUES (41, '2021-10-03 02:25:09.914774+00', '2021-10-03 05:05:10.422984+00', 'Drive Tube, 4-cm Diameter, cap & bracket assembly', 'NASA, Johnson Space Center', '2022', 110.4, 'https://www.hq.nasa.gov/alsj/tools/judy17.jpg', 58);
INSERT INTO public.equipment (id, created_at, updated_at, title, manufacturer, serial_number, weight, image_url, tag_id) VALUES (42, '2021-10-03 02:25:09.914774+00', '2021-10-03 05:05:10.422984+00', 'Drive Tube, 4-cm Diameter, upper', 'NASA, Johnson Space Center', '2052', 311.2, 'https://www.hq.nasa.gov/alsj/tools/judy16.jpg', 65);
INSERT INTO public.equipment (id, created_at, updated_at, title, manufacturer, serial_number, weight, image_url, tag_id) VALUES (17, '2021-10-03 02:25:09.914774+00', '2021-10-03 05:05:10.422984+00', 'Bag, Sample Collection', 'Union Carbide, Nuclear Division', 'SCB4', 765.9, 'https://www.hq.nasa.gov/alsj/tools/judy96.jpg', 37);
INSERT INTO public.equipment (id, created_at, updated_at, title, manufacturer, serial_number, weight, image_url, tag_id) VALUES (31, '2021-10-03 02:25:09.914774+00', '2021-10-03 05:05:10.422984+00', 'Drill, Bit', 'Chicago Latrobe, cutting tips; Martin Marietta drill stems', '179', 48.0, 'https://www.hq.nasa.gov/alsj/tools/judy22.jpg', 44);
INSERT INTO public.equipment (id, created_at, updated_at, title, manufacturer, serial_number, weight, image_url, tag_id) VALUES (32, '2021-10-03 02:25:09.914774+00', '2021-10-03 05:05:10.422984+00', 'Drill, Stem, upper', 'Chicago Latrobe, cutting tips; Martin Marietta drill stems', '067', 196.9, 'https://www.hq.nasa.gov/alsj/tools/judy23.jpg', 51);
INSERT INTO public.equipment (id, created_at, updated_at, title, manufacturer, serial_number, weight, image_url, tag_id) VALUES (10, '2021-10-03 02:25:09.914774+00', '2021-10-03 05:05:10.422984+00', 'Bag, Extra Sample Collection', 'Union Carbide, Nuclear Division', 'SCB3', 557.3, 'https://www.hq.nasa.gov/alsj/tools/judy97.jpg', 30);
INSERT INTO public.equipment (id, created_at, updated_at, title, manufacturer, serial_number, weight, image_url, tag_id) VALUES (37, '2021-10-03 02:25:09.914774+00', '2021-10-03 05:05:10.422984+00', 'Drive Tube, 4-cm Diameter, lower', 'NASA, Johnson Space Center', '2048', 314.0, 'https://www.hq.nasa.gov/alsj/tools/judy15.jpg', 59);
INSERT INTO public.equipment (id, created_at, updated_at, title, manufacturer, serial_number, weight, image_url, tag_id) VALUES (44, '2021-10-03 02:25:09.914774+00', '2021-10-03 05:05:10.422984+00', 'Drive Tube, 4-cm Diameter, upper', 'NASA, Johnson Space Center', '2035', 303.5, 'https://www.hq.nasa.gov/alsj/tools/judy16.jpg', 66);
INSERT INTO public.equipment (id, created_at, updated_at, title, manufacturer, serial_number, weight, image_url, tag_id) VALUES (3, '2021-10-03 02:25:09.914774+00', '2021-10-03 05:05:10.422984+00', 'Bag, Documented Sample, Flat, Rectangular-shape 20 bag dispenser', 'Union Carbide, Nuclear Division', '1019', 441.0, 'https://www.hq.nasa.gov/alsj/tools/judy79.jpg', 23);
INSERT INTO public.equipment (id, created_at, updated_at, title, manufacturer, serial_number, weight, image_url, tag_id) VALUES (53, '2021-10-03 02:25:09.914774+00', '2021-10-03 05:05:10.422984+00', 'Rake', 'NASA, Johnson Space Center', NULL, 1497.0, 'https://www.hq.nasa.gov/alsj/tools/judy38.jpg', 73);
INSERT INTO public.equipment (id, created_at, updated_at, title, manufacturer, serial_number, weight, image_url, tag_id) VALUES (29, '2021-10-03 02:25:09.914774+00', '2021-10-03 05:05:10.422984+00', 'Drill, Stem, lower', 'Chicago Latrobe, cutting tips; Martin Marietta drill stems', '070', 173.5, 'https://www.hq.nasa.gov/alsj/tools/judy23.jpg', 45);
INSERT INTO public.equipment (id, created_at, updated_at, title, manufacturer, serial_number, weight, image_url, tag_id) VALUES (33, '2021-10-03 02:25:09.914774+00', '2021-10-03 05:05:10.422984+00', 'Drill, Stem, upper', 'Chicago Latrobe, cutting tips; Martin Marietta drill stems', '061', 192.9, 'https://www.hq.nasa.gov/alsj/tools/judy23.jpg', 52);
INSERT INTO public.equipment (id, created_at, updated_at, title, manufacturer, serial_number, weight, image_url, tag_id) VALUES (20, '2021-10-03 02:25:09.914774+00', '2021-10-03 05:05:10.422984+00', 'Container, Apollo Lunar Sample Return (ALSRC)', 'Union Carbide, Nuclear Division, Oak Ridge, TN', '1007', 6551.1, 'https://www.hq.nasa.gov/alsj/tools/judy70.jpg', 38);
INSERT INTO public.equipment (id, created_at, updated_at, title, manufacturer, serial_number, weight, image_url, tag_id) VALUES (4, '2021-10-03 02:25:09.914774+00', '2021-10-03 05:05:10.422984+00', 'Bag, Documented Sample, Flat, Rectangular-shape 20 bag dispenser', 'Union Carbide, Nuclear Division', '1021', 446.3, 'https://www.hq.nasa.gov/alsj/tools/judy79.jpg', 24);
INSERT INTO public.equipment (id, created_at, updated_at, title, manufacturer, serial_number, weight, image_url, tag_id) VALUES (46, '2021-10-03 02:25:09.914774+00', '2021-10-03 05:05:10.422984+00', 'Drive Tube, 4-cm Diameter, upper', 'NASA, Johnson Space Center', '2031', 303.8, 'https://www.hq.nasa.gov/alsj/tools/judy16.jpg', 67);
INSERT INTO public.equipment (id, created_at, updated_at, title, manufacturer, serial_number, weight, image_url, tag_id) VALUES (11, '2021-10-03 02:25:09.914774+00', '2021-10-03 05:05:10.422984+00', 'Bag, Extra Sample Collection', 'Union Carbide, Nuclear Division', 'SCB8', 565.9, 'https://www.hq.nasa.gov/alsj/tools/judy97.jpg', 31);
INSERT INTO public.equipment (id, created_at, updated_at, title, manufacturer, serial_number, weight, image_url, tag_id) VALUES (54, '2021-10-03 02:25:09.914774+00', '2021-10-03 05:05:10.422984+00', 'Sampler, Lunar Rover Soil', 'Union Carbide, Nuclear Division, Oak Ridge, TN', NULL, 136.0, 'https://www.hq.nasa.gov/alsj/tools/judy80.gif', 74);
INSERT INTO public.equipment (id, created_at, updated_at, title, manufacturer, serial_number, weight, image_url, tag_id) VALUES (25, '2021-10-03 02:25:09.914774+00', '2021-10-03 05:05:10.422984+00', 'Drill, Stem, upper', 'Chicago Latrobe, cutting tips; Martin Marietta drill stems', '062', 196.4, 'https://www.hq.nasa.gov/alsj/tools/judy23.jpg', 46);
INSERT INTO public.equipment (id, created_at, updated_at, title, manufacturer, serial_number, weight, image_url, tag_id) VALUES (40, '2021-10-03 02:25:09.914774+00', '2021-10-03 05:05:10.422984+00', 'Drive Tube, 4-cm Diameter, lower', 'NASA, Johnson Space Center', '2037', 302.4, 'https://www.hq.nasa.gov/alsj/tools/judy15.jpg', 60);
INSERT INTO public.equipment (id, created_at, updated_at, title, manufacturer, serial_number, weight, image_url, tag_id) VALUES (21, '2021-10-03 02:25:09.914774+00', '2021-10-03 05:05:10.422984+00', 'Container, Apollo Lunar Sample Return (ALSRC)', 'Union Carbide, Nuclear Division, Oak Ridge, TN', '1006', 6539.0, 'https://www.hq.nasa.gov/alsj/tools/judy70.jpgg', 39);
INSERT INTO public.equipment (id, created_at, updated_at, title, manufacturer, serial_number, weight, image_url, tag_id) VALUES (5, '2021-10-03 02:25:09.914774+00', '2021-10-03 05:05:10.422984+00', 'Bag, Documented Sample, Flat, Rectangular-shape 20 bag dispenser', 'Union Carbide, Nuclear Division', '1023', 444.6, 'https://www.hq.nasa.gov/alsj/tools/judy79.jpg', 25);
INSERT INTO public.equipment (id, created_at, updated_at, title, manufacturer, serial_number, weight, image_url, tag_id) VALUES (48, '2021-10-03 02:25:09.914774+00', '2021-10-03 05:05:10.422984+00', 'Drive Tube, 4-cm Diameter, upper', 'NASA, Johnson Space Center', '2033', 299.1, 'https://www.hq.nasa.gov/alsj/tools/judy16.jpg', 68);
INSERT INTO public.equipment (id, created_at, updated_at, title, manufacturer, serial_number, weight, image_url, tag_id) VALUES (12, '2021-10-03 02:25:09.914774+00', '2021-10-03 05:05:10.422984+00', 'Bag, Extra Sample Monitor', 'Union Carbide, Nuclear Division', '1027', 69.9, NULL, 32);
INSERT INTO public.equipment (id, created_at, updated_at, title, manufacturer, serial_number, weight, image_url, tag_id) VALUES (55, '2021-10-03 02:25:09.914774+00', '2021-10-03 05:05:10.422984+00', 'Scale, Sample', 'NASA, Johnson Space Center', NULL, 227.0, 'https://www.hq.nasa.gov/alsj/tools/judy58.jpg', 75);
INSERT INTO public.equipment (id, created_at, updated_at, title, manufacturer, serial_number, weight, image_url, tag_id) VALUES (34, '2021-10-03 02:25:09.914774+00', '2021-10-03 05:05:10.422984+00', 'Drive Tube, 4-cm Diameter', 'NASA, Johnson Space Center', '2044', 314.8, 'https://www.hq.nasa.gov/alsj/tools/judy18.jpg', 54);
INSERT INTO public.equipment (id, created_at, updated_at, title, manufacturer, serial_number, weight, image_url, tag_id) VALUES (43, '2021-10-03 02:25:09.914774+00', '2021-10-03 05:05:10.422984+00', 'Drive Tube, 4-cm Diameter, lower', 'NASA, Johnson Space Center', '2026', 110.7, 'https://www.hq.nasa.gov/alsj/tools/judy15.jpg', 61);
INSERT INTO public.equipment (id, created_at, updated_at, title, manufacturer, serial_number, weight, image_url, tag_id) VALUES (26, '2021-10-03 02:25:09.914774+00', '2021-10-03 05:05:10.422984+00', 'Drill, Stem, upper', 'Chicago Latrobe, cutting tips; Martin Marietta drill stems', '069', 197.1, 'https://www.hq.nasa.gov/alsj/tools/judy23.jpg', 47);
INSERT INTO public.equipment (id, created_at, updated_at, title, manufacturer, serial_number, weight, image_url, tag_id) VALUES (6, '2021-10-03 02:25:09.914774+00', '2021-10-03 05:05:10.422984+00', 'Bag, Documented Sample, Flat, Rectangular-shape 20 bag dispenser', 'Union Carbide, Nuclear Division', '1020', 445.9, 'https://www.hq.nasa.gov/alsj/tools/judy79.jpg', 26);
INSERT INTO public.equipment (id, created_at, updated_at, title, manufacturer, serial_number, weight, image_url, tag_id) VALUES (49, '2021-10-03 02:25:09.914774+00', '2021-10-03 05:05:10.422984+00', 'Extension Handle, Long', 'NASA, Johnson Space Center', NULL, 816.0, 'https://www.hq.nasa.gov/alsj/tools/judy28.gif', 69);
INSERT INTO public.equipment (id, created_at, updated_at, title, manufacturer, serial_number, weight, image_url, tag_id) VALUES (13, '2021-10-03 02:25:09.914774+00', '2021-10-03 05:05:10.422984+00', 'Bag, Extra Sample Monitor', 'Union Carbide, Nuclear Division', '1025', 70.9, NULL, 33);
INSERT INTO public.equipment (id, created_at, updated_at, title, manufacturer, serial_number, weight, image_url, tag_id) VALUES (18, '2021-10-03 02:25:09.914774+00', '2021-10-03 05:05:10.422984+00', 'Container, Apollo Lunar Sample Return (ALSRC), accessories', NULL, NULL, 316.8, NULL, 40);
INSERT INTO public.equipment (id, created_at, updated_at, title, manufacturer, serial_number, weight, image_url, tag_id) VALUES (56, '2021-10-03 02:25:09.914774+00', '2021-10-03 05:05:10.422984+00', 'Scoop, Large Adjustable', 'NASA, Johnson Space Center', NULL, 590.0, 'https://www.hq.nasa.gov/alsj/tools/judy28.gif', 76);
INSERT INTO public.equipment (id, created_at, updated_at, title, manufacturer, serial_number, weight, image_url, tag_id) VALUES (45, '2021-10-03 02:25:09.914774+00', '2021-10-03 05:05:10.422984+00', 'Drive Tube, 4-cm Diameter, lower', 'NASA, Johnson Space Center', '2050', 315.8, 'https://www.hq.nasa.gov/alsj/tools/judy15.jpg', 62);
INSERT INTO public.equipment (id, created_at, updated_at, title, manufacturer, serial_number, weight, image_url, tag_id) VALUES (27, '2021-10-03 02:25:09.914774+00', '2021-10-03 05:05:10.422984+00', 'Drill, Stem, upper', 'Chicago Latrobe, cutting tips; Martin Marietta drill stems', '065', 199.1, 'https://www.hq.nasa.gov/alsj/tools/judy23.jpg', 48);
INSERT INTO public.equipment (id, created_at, updated_at, title, manufacturer, serial_number, weight, image_url, tag_id) VALUES (35, '2021-10-03 02:25:09.914774+00', '2021-10-03 05:05:10.422984+00', 'Drive Tube, 4-cm Diameter, cap & bracket assembly', 'NASA, Johnson Space Center', '2027', 111.9, 'https://www.hq.nasa.gov/alsj/tools/judy17.jpg', 55);
INSERT INTO public.equipment (id, created_at, updated_at, title, manufacturer, serial_number, weight, image_url, tag_id) VALUES (7, '2021-10-03 02:25:09.914774+00', '2021-10-03 05:05:10.422984+00', 'Bag, Documented Sample, Flat, Rectangular-shape 20 bag dispenser', 'Union Carbide, Nuclear Division', '1024', 444.3, 'https://www.hq.nasa.gov/alsj/tools/judy79.jpg', 27);
INSERT INTO public.equipment (id, created_at, updated_at, title, manufacturer, serial_number, weight, image_url, tag_id) VALUES (14, '2021-10-03 02:25:09.914774+00', '2021-10-03 05:05:10.422984+00', 'Bag, Sample Collection', 'Union Carbide, Nuclear Division', 'SCB1', 760.5, 'https://www.hq.nasa.gov/alsj/tools/judy96.jpg', 34);
INSERT INTO public.equipment (id, created_at, updated_at, title, manufacturer, serial_number, weight, image_url, tag_id) VALUES (19, '2021-10-03 02:25:09.914774+00', '2021-10-03 05:05:10.422984+00', 'Container, Apollo Lunar Sample Return (ALSRC), accessories', NULL, NULL, 306.7, NULL, 41);
INSERT INTO public.equipment (id, created_at, updated_at, title, manufacturer, serial_number, weight, image_url, tag_id) VALUES (57, '2021-10-03 02:25:09.914774+00', '2021-10-03 05:05:10.422984+00', 'Tongs, 32-inch', 'NASA, Johnson Space Center', NULL, 454.0, 'https://www.hq.nasa.gov/alsj/tools/judy50.jpg', 77);
INSERT INTO public.equipment (id, created_at, updated_at, title, manufacturer, serial_number, weight, image_url, tag_id) VALUES (47, '2021-10-03 02:25:09.914774+00', '2021-10-03 05:05:10.422984+00', 'Drive Tube, 4-cm Diameter, lower', 'NASA, Johnson Space Center', '2046', 316.6, 'https://www.hq.nasa.gov/alsj/tools/judy15.jpg', 63);
INSERT INTO public.equipment (id, created_at, updated_at, title, manufacturer, serial_number, weight, image_url, tag_id) VALUES (50, '2021-10-03 02:25:09.914774+00', '2021-10-03 05:05:10.422984+00', 'Extension Handle, Long', 'NASA, Johnson Space Center', NULL, 816.0, 'https://www.hq.nasa.gov/alsj/tools/judy28.gif', 70);
INSERT INTO public.equipment (id, created_at, updated_at, title, manufacturer, serial_number, weight, image_url, tag_id) VALUES (28, '2021-10-03 02:25:09.914774+00', '2021-10-03 05:05:10.422984+00', 'Drill, Stem, upper', 'Chicago Latrobe, cutting tips; Martin Marietta drill stems', '063', 196.1, 'https://www.hq.nasa.gov/alsj/tools/judy23.jpg', 49);
INSERT INTO public.equipment (id, created_at, updated_at, title, manufacturer, serial_number, weight, image_url, tag_id) VALUES (36, '2021-10-03 02:25:09.914774+00', '2021-10-03 05:05:10.422984+00', 'Drive Tube, 4-cm Diameter, cap & bracket assembly', 'NASA, Johnson Space Center', '2024', 111.1, 'https://www.hq.nasa.gov/alsj/tools/judy17.jpg', 56);
INSERT INTO public.equipment (id, created_at, updated_at, title, manufacturer, serial_number, weight, image_url, tag_id) VALUES (8, '2021-10-03 02:25:09.914774+00', '2021-10-03 05:05:10.422984+00', 'Bag, Extra Sample Collection', 'Union Carbide, Nuclear Division', 'SCB6', 561.3, 'https://www.hq.nasa.gov/alsj/tools/judy97.jpg', 28);
INSERT INTO public.equipment (id, created_at, updated_at, title, manufacturer, serial_number, weight, image_url, tag_id) VALUES (15, '2021-10-03 02:25:09.914774+00', '2021-10-03 05:05:10.422984+00', 'Bag, Sample Collection', 'Union Carbide, Nuclear Division', 'SCB7', 762.5, 'https://www.hq.nasa.gov/alsj/tools/judy96.jpg', 35);
INSERT INTO public.equipment (id, created_at, updated_at, title, manufacturer, serial_number, weight, image_url, tag_id) VALUES (22, '2021-10-03 02:25:09.914774+00', '2021-10-03 05:05:10.422984+00', 'Container, Core Sample Vacuum (CSVC)', 'Union Carbide, Nuclear Division, Oak Ridge, TN', '1000', 492.3, 'https://www.hq.nasa.gov/alsj/tools/judy76.gif', 42);
INSERT INTO public.equipment (id, created_at, updated_at, title, manufacturer, serial_number, weight, image_url, tag_id) VALUES (58, '2021-10-03 02:25:09.914774+00', '2021-10-03 05:05:10.422984+00', 'Tongs, 32-inch', 'NASA, Johnson Space Center', NULL, 454.0, 'https://www.hq.nasa.gov/alsj/tools/judy50.jpg', 78);
INSERT INTO public.equipment (id, created_at, updated_at, title, manufacturer, serial_number, weight, image_url, tag_id) VALUES (1, '2021-10-03 02:25:09.914774+00', '2021-10-03 05:05:10.422984+00', 'Bag, Documented Sample, Cup-shape', 'Union Carbide, Nuclear Division', NULL, 358.1, 'https://www.hq.nasa.gov/alsj/tools/judy78.jpg', 21);
INSERT INTO public.equipment (id, created_at, updated_at, title, manufacturer, serial_number, weight, image_url, tag_id) VALUES (51, '2021-10-03 02:25:09.914774+00', '2021-10-03 05:05:10.422984+00', 'Gnomon', 'NASA, Johnson Space Center', NULL, 272.0, 'https://www.hq.nasa.gov/alsj/tools/judy55.gif', 71);
INSERT INTO public.equipment (id, created_at, updated_at, title, manufacturer, serial_number, weight, image_url, tag_id) VALUES (39, '2021-10-03 02:25:09.914774+00', '2021-10-03 05:05:10.422984+00', 'Drive Tube, 4-cm Diameter, cap & bracket assembly', 'NASA, Johnson Space Center', '2023', 112.5, 'https://www.hq.nasa.gov/alsj/tools/judy17.jpg', 57);
INSERT INTO public.equipment (id, created_at, updated_at, title, manufacturer, serial_number, weight, image_url, tag_id) VALUES (38, '2021-10-03 02:25:09.914774+00', '2021-10-03 05:05:10.422984+00', 'Drive Tube, 4-cm Diameter, Ram tool', 'NASA, Johnson Space Center', NULL, 91.0, 'https://www.hq.nasa.gov/alsj/tools/judy18.jpgg', 64);
INSERT INTO public.equipment (id, created_at, updated_at, title, manufacturer, serial_number, weight, image_url, tag_id) VALUES (16, '2021-10-03 02:25:09.914774+00', '2021-10-03 05:05:10.422984+00', 'Bag, Sample Collection', 'Union Carbide, Nuclear Division', 'SCB5', 756.9, 'https://www.hq.nasa.gov/alsj/tools/judy96.jpg', 36);
INSERT INTO public.equipment (id, created_at, updated_at, title, manufacturer, serial_number, weight, image_url, tag_id) VALUES (23, '2021-10-03 02:25:09.914774+00', '2021-10-03 05:05:10.422984+00', 'Container, Special Environment Sample (SESC)', NULL, '1023', 349.6, 'https://www.hq.nasa.gov/alsj/tools/judy93.jpg', 43);
INSERT INTO public.equipment (id, created_at, updated_at, title, manufacturer, serial_number, weight, image_url, tag_id) VALUES (65, '2021-10-03 14:31:46.325806+00', '2021-10-03 14:36:39.849102+00', 'Valsalva', NULL, NULL, NULL, NULL, 104);
INSERT INTO public.equipment (id, created_at, updated_at, title, manufacturer, serial_number, weight, image_url, tag_id) VALUES (71, '2021-10-03 14:31:46.325806+00', '2021-10-03 14:36:39.849102+00', 'Wireless Video System', NULL, NULL, NULL, NULL, 110);
INSERT INTO public.equipment (id, created_at, updated_at, title, manufacturer, serial_number, weight, image_url, tag_id) VALUES (66, '2021-10-03 14:31:46.325806+00', '2021-10-03 14:36:39.849102+00', 'Disposable In-Suit Drink Bag (DIDB)', NULL, NULL, NULL, NULL, 105);
INSERT INTO public.equipment (id, created_at, updated_at, title, manufacturer, serial_number, weight, image_url, tag_id) VALUES (72, '2021-10-03 14:31:46.325806+00', '2021-10-03 14:36:39.849102+00', 'xEMU Lights', NULL, NULL, NULL, NULL, 111);
INSERT INTO public.equipment (id, created_at, updated_at, title, manufacturer, serial_number, weight, image_url, tag_id) VALUES (59, '2021-10-03 14:31:46.325806+00', '2021-10-03 14:36:39.849102+00', 'Phase VI Gloves', NULL, NULL, NULL, NULL, 98);
INSERT INTO public.equipment (id, created_at, updated_at, title, manufacturer, serial_number, weight, image_url, tag_id) VALUES (67, '2021-10-03 14:31:46.325806+00', '2021-10-03 14:36:39.849102+00', 'Fresnel Lens', NULL, NULL, NULL, NULL, 106);
INSERT INTO public.equipment (id, created_at, updated_at, title, manufacturer, serial_number, weight, image_url, tag_id) VALUES (60, '2021-10-03 14:31:46.325806+00', '2021-10-03 14:36:39.849102+00', 'Lower Torso Assembly', NULL, NULL, NULL, NULL, 99);
INSERT INTO public.equipment (id, created_at, updated_at, title, manufacturer, serial_number, weight, image_url, tag_id) VALUES (73, '2021-10-03 14:31:46.325806+00', '2021-10-03 14:36:39.849102+00', 'Z-2.5 NBL Donning Stand Attachment', NULL, NULL, NULL, NULL, 112);
INSERT INTO public.equipment (id, created_at, updated_at, title, manufacturer, serial_number, weight, image_url, tag_id) VALUES (68, '2021-10-03 14:31:46.325806+00', '2021-10-03 14:36:39.849102+00', 'Display and Control', NULL, NULL, NULL, NULL, 107);
INSERT INTO public.equipment (id, created_at, updated_at, title, manufacturer, serial_number, weight, image_url, tag_id) VALUES (74, '2021-10-03 14:31:46.325806+00', '2021-10-03 14:36:39.849102+00', 'Remote Power Control Module', NULL, NULL, NULL, NULL, 113);
INSERT INTO public.equipment (id, created_at, updated_at, title, manufacturer, serial_number, weight, image_url, tag_id) VALUES (61, '2021-10-03 14:31:46.325806+00', '2021-10-03 14:36:39.849102+00', 'Modified Liquid Cooling and Ventilation Garment', NULL, NULL, NULL, NULL, 100);
INSERT INTO public.equipment (id, created_at, updated_at, title, manufacturer, serial_number, weight, image_url, tag_id) VALUES (69, '2021-10-03 14:31:46.325806+00', '2021-10-03 14:36:39.849102+00', 'Portable Life Support Systems', NULL, NULL, NULL, NULL, 108);
INSERT INTO public.equipment (id, created_at, updated_at, title, manufacturer, serial_number, weight, image_url, tag_id) VALUES (75, '2021-10-03 14:31:46.325806+00', '2021-10-03 14:36:39.849102+00', 'Interface Heat Exchanger', NULL, NULL, NULL, NULL, 114);
INSERT INTO public.equipment (id, created_at, updated_at, title, manufacturer, serial_number, weight, image_url, tag_id) VALUES (62, '2021-10-03 14:31:46.325806+00', '2021-10-03 14:36:39.849102+00', 'Maximum Absorbency Garment', NULL, NULL, NULL, NULL, 101);
INSERT INTO public.equipment (id, created_at, updated_at, title, manufacturer, serial_number, weight, image_url, tag_id) VALUES (70, '2021-10-03 14:31:46.325806+00', '2021-10-03 14:36:39.849102+00', 'Simplified Aid for EVA Rescue', NULL, NULL, NULL, NULL, 109);
INSERT INTO public.equipment (id, created_at, updated_at, title, manufacturer, serial_number, weight, image_url, tag_id) VALUES (76, '2021-10-03 14:31:46.325806+00', '2021-10-03 14:36:39.849102+00', 'Flex Hose Rotary Coupler', NULL, NULL, NULL, NULL, 115);
INSERT INTO public.equipment (id, created_at, updated_at, title, manufacturer, serial_number, weight, image_url, tag_id) VALUES (63, '2021-10-03 14:31:46.325806+00', '2021-10-03 14:36:39.849102+00', 'Thermal Comfort Undergarment', NULL, NULL, NULL, NULL, 102);
INSERT INTO public.equipment (id, created_at, updated_at, title, manufacturer, serial_number, weight, image_url, tag_id) VALUES (77, '2021-10-03 14:31:46.325806+00', '2021-10-03 14:36:39.849102+00', 'Adjustible Volume Airlock', NULL, NULL, NULL, NULL, 116);
INSERT INTO public.equipment (id, created_at, updated_at, title, manufacturer, serial_number, weight, image_url, tag_id) VALUES (52, '2021-10-03 02:25:09.914774+00', '2021-10-03 17:38:59.53318+00', 'Hammer, Heavy-weight', 'NASA, Johnson Space Center', '5555', 1315.0, 'https://www.hq.nasa.gov/alsj/tools/judy34.jpg', 72);
INSERT INTO public.experiment_type (id, description) VALUES ('1', 'Orbital');
INSERT INTO public.experiment_type (id, description) VALUES ('2', 'Other');
INSERT INTO public.experiment_type (id, description) VALUES ('3', 'Surface');
INSERT INTO public.experiment (id, created_at, updated_at, title, description, tag_id, type) VALUES (58, '2021-10-03 03:15:55.325009+00', '2021-10-03 04:59:58.325083+00', 'Lunar Atmosphere Composition Experiment', 'The LACE was designed to detect the composition of the Lunar atmosphere.', 17, 'Surface');
INSERT INTO public.experiment (id, created_at, updated_at, title, description, tag_id, type) VALUES (61, '2021-10-03 03:15:55.325009+00', '2021-10-03 04:59:58.325083+00', 'Lunar Surface Gravimeter', 'Intended to make highly accurate measurements of how the Moon''s gravity varies with time. The primary purpose of this experiment is to search for gravity waves, which are predicted by Einstein''s theory of relativity. In addition, these measurements will contribute to studies of lunar seismology and of tidal deformation of the Moon.', 20, 'Surface');
INSERT INTO public.experiment (id, created_at, updated_at, title, description, tag_id, type) VALUES (60, '2021-10-03 03:15:55.325009+00', '2021-10-03 04:59:58.325083+00', 'Lunar Seismic Profiling Experiment', 'Performed to determine the detailed structure of the upper kilometer of the lunar crust. The experiment involves detonation of a series of small explosives. The seismic waves or ground motions caused by these explosions were measured by a network of geophones.', 19, 'Surface');
INSERT INTO public.experiment (id, created_at, updated_at, title, description, tag_id, type) VALUES (59, '2021-10-03 03:15:55.325009+00', '2021-10-03 04:59:58.325083+00', 'Lunar Ejecta and Meteorites Experiment', 'The LEAM is designed to detect secondary particles that had been ejected by meteorite impacts on the lunar surface and to detect primary micrometeorites themselves.', 18, 'Surface');
INSERT INTO public.experiment (id, created_at, updated_at, title, description, tag_id, type) VALUES (57, '2021-10-03 03:15:55.325009+00', '2021-10-03 04:59:58.325083+00', 'Heat Flow Experiment ', 'The HFE is designed to make thermal measurements of the Lunar subsurface in order to determine the rate at which heat flows out of the interior. The measurements help determine the abundance of radioisotopes and help understand the thermal evolution of the Moon.', 16, 'Surface');
INSERT INTO public.experiment (id, created_at, updated_at, title, description, tag_id, type) VALUES (56, '2021-10-03 03:15:55.325009+00', '2021-10-03 04:59:58.325083+00', 'Cosmic Ray Detector', 'These experiments measure particles with energies of 100,000 to 150 million electron volts. The particles detected by these experiments originate both in the solar wind and from sources elsewhere in our galaxy. ', 15, 'Surface');
INSERT INTO public.experiment (id, created_at, updated_at, title, description, tag_id, type) VALUES (55, '2021-10-03 03:15:55.325009+00', '2021-10-03 04:59:58.325083+00', 'Surface Electrical Properties', 'This experiment consists of a transmitting antenna deployed near the lunar module and a receiving antenna on the Lunar Rover. At several different traverse stops, electrical signals are transmitted through the regolith and recorded on the Lunar Rover. Comparison of the transmitted and received signals allow the electrical properties of the regolith to be determined. ', 14, 'Surface');
INSERT INTO public.experiment (id, created_at, updated_at, title, description, tag_id, type) VALUES (54, '2021-10-03 03:15:55.325009+00', '2021-10-03 04:59:58.325083+00', 'Lunar Neutron Probe', 'The lunar regolith, or the uppermost few meters of the Moon, consists of soil and highly fragmented rocks formed by repeated impacts of meteoroids with the Moon''s surface. These impacts eject material from the craters that are formed, and the ejecta are usually deposited nearby. The overall effect of many such impacts is a continual overturn of the regolith, which keeps it well mixed. This can be thought of as a sort of gardening, analogous to the mixing of soil performed by a farmer''s plow. The Lunar Neutron Probe Experiment is performed to determine the rate at which the lunar regolith is overturned or mixed. It consists of a 2-meter-long rod with several detectors that is inserted into the hole left from drilling a deep core sample. These detectors measure the number of neutrons penetrating to different depths in the regolith.', 13, 'Surface');
INSERT INTO public.experiment (id, created_at, updated_at, title, description, tag_id, type) VALUES (53, '2021-10-03 03:15:55.325009+00', '2021-10-03 04:59:58.325083+00', 'Traverse Gravimeter Experiment', 'The purpose of the experiment is to obtain information about the subsurface structure at the landing site. Gravity measurements are made at traverse stops, and the results are radioed by the crew back to Earth. Interpretation of these observations also requires knowledge of the topography of the landing site.', 12, 'Surface');
INSERT INTO public.experiment (id, created_at, updated_at, title, description, tag_id, type) VALUES (52, '2021-10-03 03:15:55.325009+00', '2021-10-03 04:59:58.325083+00', 'Soil Mechanics Investigation', 'Soil mechanics is the study of the mechanical properties of soils and the way that these properties affect human activities. The goals of these studies are to improve our scientific knowledge about the properties of lunar soil and to provide the engineering knowledge needed to plan and perform lunar surface activities.', 11, 'Surface');
INSERT INTO public.experiment (id, created_at, updated_at, title, description, tag_id, type) VALUES (51, '2021-10-03 03:15:55.325009+00', '2021-10-03 04:59:58.325083+00', 'Light Flashes Experiment', 'To study light flashes seen by the crew that are related to charged particles in space.', 10, 'Other');
INSERT INTO public.experiment (id, created_at, updated_at, title, description, tag_id, type) VALUES (47, '2021-10-03 03:15:55.325009+00', '2021-10-03 04:59:58.325083+00', 'Infrared Radio', 'The Infrared Radiometer Experiment is performed on Apollo 17 to measure surface temperatures and cooling rates at night on the Moon by measuring the emission of infrared radiation from the lunar surface. During the lunar day, the surface heats up by absorbing solar radiation. At night, the surface radiates this stored heat back into space. ', 6, 'Orbital');
INSERT INTO public.experiment (id, created_at, updated_at, title, description, tag_id, type) VALUES (49, '2021-10-03 03:15:55.325009+00', '2021-10-03 04:59:58.325083+00', 'Biostack Experiment', 'Studies the effects of cosmic rays on several types of biological materials, including bacteria spores, seeds, and eggs of brine shrimp, beetles, and grasshoppers.', 8, 'Other');
INSERT INTO public.experiment (id, created_at, updated_at, title, description, tag_id, type) VALUES (42, '2021-10-03 03:15:55.325009+00', '2021-10-03 04:59:58.325083+00', 'Metric and Panoramic Cameras', 'Cameras are used to obtain high-resolution photographs of the lunar surface, for use both in studying the geology of the surface and for producing detailed topographic maps of the surface. These cameras include a Metric Camera, a Panoramic Camera, and a Stellar Mapping Camera. The Metric and Stellar Mapping Cameras are operated as a unit along with the Laser Altimeter. The Panoramic Camera is operated separately, but is often used at the same time as the Metric Camera. ', 1, 'Orbital');
INSERT INTO public.experiment (id, created_at, updated_at, title, description, tag_id, type) VALUES (44, '2021-10-03 03:15:55.325009+00', '2021-10-03 04:59:58.325083+00', 'S-Band Transponder Experiment', 'In this experiment, the frequency of radio waves transmitted by the spacecraft is accurately measured at Earth and compared with the frequency of the waves as transmitted by the spacecraft. Changes in the frequency of the radio waves occur because the spacecraft is moving, a phenomenon known as the Doppler effect. By measuring the frequency of the radio waves at the spacecraft and at Earth, the spacecraft''s velocity is determined with very high accuracy. ', 3, 'Orbital');
INSERT INTO public.experiment (id, created_at, updated_at, title, description, tag_id, type) VALUES (46, '2021-10-03 03:15:55.325009+00', '2021-10-03 04:59:58.325083+00', 'Ultraviolet Spectrometer Experiment', 'The Ultraviolet Spectrometer Experiment is performed to measure the density and composition of the tenuous lunar atmosphere by observing how the atmosphere scattered solar ultraviolet radiation. This experiment is sensitive to the presence of atomic and molecular hydrogen, atomic oxygen, atomic nitrogen, carbon, carbon monoxide, carbon dioxide, and xenon. Molecular hydrogen is detected at an abundance of 6000 atoms per cubic centimeter.', 5, 'Orbital');
INSERT INTO public.experiment (id, created_at, updated_at, title, description, tag_id, type) VALUES (48, '2021-10-03 03:15:55.325009+00', '2021-10-03 04:59:58.325083+00', 'Window Metereoroid Experiment', 'To obtain information about the size distribution of very small micrometeorites.', 7, 'Other');
INSERT INTO public.experiment (id, created_at, updated_at, title, description, tag_id, type) VALUES (50, '2021-10-03 03:15:55.325009+00', '2021-10-03 04:59:58.325083+00', 'Heat Flow and Convection Demonstration', 'To study convective flow and heat transport driven by surface tension.', 9, 'Other');
INSERT INTO public.experiment (id, created_at, updated_at, title, description, tag_id, type) VALUES (43, '2021-10-03 03:15:55.325009+00', '2021-10-03 04:59:58.325083+00', 'Laser Altimeter', 'In this experiment, a pulse from a laser is aimed at the lunar surface. The reflection of the pulse from the surface is then observed with a small telescope. The length of time the pulse takes to travel from the spacecraft to the Moon and back is related to the height of the spacecraft above the surface of the Moon. Measurements are made roughly every 30 kilometers across the Moon''s surface. These measurements are sufficiently accurate to distinguish height variations of 10 meters between adjacent measurement points. ', 2, 'Orbital');
INSERT INTO public.experiment (id, created_at, updated_at, title, description, tag_id, type) VALUES (45, '2021-10-03 03:15:55.325009+00', '2021-10-03 04:59:58.325083+00', 'Lunar Sounder Experiment', 'This experiment used radar to study the Moon''s surface and interior. Radar waves with wavelengths between 2 and 60 meters were transmitted through a series of antennas near the back of the Service Module. After the waves were reflected by the Moon, they were received using the same antennas and the data was recorded on film for analysis on Earth. The primary purpose of this experiment was to "see" into the upper 2 kilometers of the Moon''s crust in a manner somewhat analogous to using seismic waves to study the internal structure of the Moon. ', 4, 'Orbital');
INSERT INTO public.group_xref_users (id, created_at, updated_at, group_id, user_id) VALUES (1, '2021-10-03 22:27:38.514091+00', '2021-10-03 22:27:38.514091+00', 26, 6);
INSERT INTO public.group_xref_users (id, created_at, updated_at, group_id, user_id) VALUES (2, '2021-10-03 22:27:38.514091+00', '2021-10-03 22:27:38.514091+00', 26, 2);
INSERT INTO public.mission (id, created_at, updated_at, start_date, end_date, title, image_id) VALUES (1, '2021-10-03 16:55:15.285621+00', '2021-10-03 16:55:37.927294+00', '2021-10-03 16:55:15.285621', '2021-11-03 16:55:15.285621', 'Artemis II', NULL);
INSERT INTO public.meta_key (id, created_at, updated_at, title, mission_id) VALUES (2, '2021-10-03 16:55:48.637791+00', '2021-10-03 16:55:48.637791+00', 'Entry Topic', 1);
INSERT INTO public.meta_key (id, created_at, updated_at, title, mission_id) VALUES (3, '2021-10-03 16:55:48.637791+00', '2021-10-03 16:55:48.637791+00', 'Sample Coordinates', 1);
INSERT INTO public.meta_key (id, created_at, updated_at, title, mission_id) VALUES (4, '2021-10-03 16:55:48.637791+00', '2021-10-03 16:55:48.637791+00', 'Seat Position', 1);
INSERT INTO public.meta_key (id, created_at, updated_at, title, mission_id) VALUES (5, '2021-10-03 16:55:48.637791+00', '2021-10-03 16:55:48.637791+00', 'Extravehicular (EV)', 1);
INSERT INTO public.meta_key (id, created_at, updated_at, title, mission_id) VALUES (1, '2021-10-03 17:33:23.19896+00', '2021-10-03 17:33:23.19896+00', 'Coordinates', 1);
INSERT INTO public.post (id, created_at, updated_at, text, related_post_id, file_id, user_id, is_locked) VALUES (7, '2021-10-03 17:32:01.302338+00', '2021-10-03 17:32:01.302338+00', 'EV 1 Good Hammer ', NULL, NULL, 3, false);
INSERT INTO public.post (id, created_at, updated_at, text, related_post_id, file_id, user_id, is_locked) VALUES (8, '2021-10-03 17:32:01.302338+00', '2021-10-03 17:32:01.302338+00', 'EV2 Good Gloves', NULL, NULL, 2, false);
INSERT INTO public.meta_field (id, created_at, updated_at, meta_key_id, post_id, value) VALUES (2, '2021-10-03 17:35:40.617118+00', '2021-10-03 17:35:40.617118+00', 1, 7, 'Latitude: 3 12'' 43.2" South, Longitude: 5 12'' 39.6" West');
INSERT INTO public.mission_element (id, created_at, updated_at, title, description, tag_id) VALUES (11, '2021-10-03 03:04:12.588489+00', '2021-10-03 05:11:40.764398+00', 'Human Landing System', 'The Human Landing System will be the final vehicle that the crew board for the descent to the lunar surface.  After surface expeditions, the crew will return to the HLS for ascent back to lunar orbit before the return trip home to Earth.  Early HLS are expected to provide surface access for two crew, with later, more sustainable HLS accommodating four crew on the surface. ', 89);
INSERT INTO public.mission_element (id, created_at, updated_at, title, description, tag_id) VALUES (16, '2021-10-03 03:04:12.588489+00', '2021-10-03 05:11:40.764398+00', 'Foundation Surface Habitat', 'The Foundation Surface Habitat (FSH) will provide a continuous, long-term outpost for crew to visit for up to 60 days.  Delivered through commercial / international partnerships, the FSH will provide the support necessary for extended human occupation.', 94);
INSERT INTO public.mission_element (id, created_at, updated_at, title, description, tag_id) VALUES (17, '2021-10-03 03:04:12.588489+00', '2021-10-03 05:11:40.764398+00', 'Lunar/Mars Surface Power', 'To support sustainable operations through the lunar night and empower human exploration of Mars, NASA is developing a modular nuclear fission power source up to 10KW.  Near-term demonstration of the lunar surface can provide reliable power to human landers, habitats, and ISRU systems continuously through eclipse periods and provide a proving ground to extend the capability as a power source tha twill enable Mars exploration.', 95);
INSERT INTO public.mission_element (id, created_at, updated_at, title, description, tag_id) VALUES (18, '2021-10-03 03:04:12.588489+00', '2021-10-03 05:11:40.764398+00', 'Lunar Surface Innovation Initiative', 'The Lunar Surface Innovation Initiative (LSII) is a technology development portfolio to enable human and robotic exploration on the Moon and future operations on Mars.  Through LSII, NASA is devloping and performing demonstration to retire the primary  technology hurdles in key capability areas.  The activities will be implemented through a combination of unique NASA work and public-private partnerships.  ', 96);
INSERT INTO public.mission_element (id, created_at, updated_at, title, description, tag_id) VALUES (2, '2021-10-03 03:04:12.588489+00', '2021-10-03 05:11:40.764398+00', 'Orion Crew Vehicle', 'The Orion spacecraft is designed to be launched on the Space Launch System (SLS) and is capable of carrying and sustaina a crew of four for 21 days (with on-board consumables) or longer (when docked to a habitation system that allows Orion systems to be powered down).', 80);
INSERT INTO public.mission_element (id, created_at, updated_at, title, description, tag_id) VALUES (3, '2021-10-03 03:04:12.588489+00', '2021-10-03 05:11:40.764398+00', 'Exploration Ground Systems', 'EGS was established to develop and operate the systems and facilities necessary to process and launch government and commercial rockets and spacecraft during assembly, transport, and launch and retun of rocket stages or return of winged spacecraft to landing sites.', 81);
INSERT INTO public.mission_element (id, created_at, updated_at, title, description, tag_id) VALUES (4, '2021-10-03 03:04:12.588489+00', '2021-10-03 05:11:40.764398+00', 'Deep Space Network', 'Upgrades to the Deep Space Network''s (DSN) 34-meter subnet will provide continuous high-rate command and telemetry services to the Gateway, Human Landing System, and other Artemis space systems.  These new services are required to support human operations at the Moon and to return high volumes of scientific data from payloads planned for the Gateway and the Lunar surface.  The Deep Space Network upgrades are critical to meeting the nation''s challenge to land humans on the Moon by 2024 and following human exploration of Mars.', 82);
INSERT INTO public.mission_element (id, created_at, updated_at, title, description, tag_id) VALUES (5, '2021-10-03 03:04:12.588489+00', '2021-10-03 05:11:40.764398+00', 'Commercial Lunar Payload Services', 'The Commercial Lunar Payload Services (CLPS) provides commercial delivery services for small and medium payloads to the lunar surface.  By engaging American companies to deliver key science and technology payloads, CLPS is crucial to NASA''s straegic goal of catalyzing lunar economic growth.  CLPS is leading America''s return to the lunar surface and is an important predecessor to the eventual return of humans to the lunar surface in 2024. ', 83);
INSERT INTO public.mission_element (id, created_at, updated_at, title, description, tag_id) VALUES (12, '2021-10-03 03:04:12.588489+00', '2021-10-03 05:11:40.764398+00', 'Lunar Terrain Vehicle', 'The Lunar Terrain Vehicle (LTV) is the surface trasportation system for the 2024 human lunar return.  Significantly extends the range of crew excursions, enabling more science, resource prospecting, and exploration.  The LTV also can be tele-operated to perform science during the non-crewed lunar periods and transport small deployable assets to desirable locations.', 90);
INSERT INTO public.mission_element (id, created_at, updated_at, title, description, tag_id) VALUES (6, '2021-10-03 03:04:12.588489+00', '2021-10-03 05:11:40.764398+00', 'Volatiles Investigating Polar Exploration Rover', 'Planned for delivery to the lunar surface in 2023 and about the size of a golf cart, the Volatiles Investigating Polar Exploration Rover. (VIPER) will roam several miles, using its four science instruments --including a 1-meter drill--to sample various soil environments.  VIPER will collect about 100 days of data that will be used to inform the first global water resource maps of the Moon.', 84);
INSERT INTO public.mission_element (id, created_at, updated_at, title, description, tag_id) VALUES (1, '2021-10-03 03:04:12.588489+00', '2021-10-03 05:11:40.764398+00', 'Space Launch System Block 1', 'The Space Launch System (SLS) is a powerful, advanced rocket for a new era of human exploration beyond Earth''s orbit.  SLS will launch astronauts aboard the Orion spacecraft.  SLS is designed to safely send humans to deep space and can support a variety of complex missions.  ', 79);
INSERT INTO public.mission_element (id, created_at, updated_at, title, description, tag_id) VALUES (7, '2021-10-03 03:04:12.588489+00', '2021-10-03 05:11:40.764398+00', 'Power and Propulsion Element', 'The Power and Propulsion Element (PPE) will be integrated with the HALO and launched to lunar Near Rectilinear Halo Orbit.  ', 85);
INSERT INTO public.mission_element (id, created_at, updated_at, title, description, tag_id) VALUES (8, '2021-10-03 03:04:12.588489+00', '2021-10-03 05:11:40.764398+00', 'Habitation and Logistics Outpost', 'The Habitation and Logistics Outpost (HALO) will be integrated with the PPE and launched on a commercial vehicle to the Near Rectilinear Halo Orbit.  The HALO provides radial and axial IDSS compatible docking ports for visiting vehicles.', 86);
INSERT INTO public.mission_element (id, created_at, updated_at, title, description, tag_id) VALUES (13, '2021-10-03 03:04:12.588489+00', '2021-10-03 05:11:40.764398+00', 'Lunar Ground Stations', 'Lunar Ground Stations (LGS) will create a global network of 18-meter class antennas critical to meeting future demand for communication and tracking services created by sustained Lunar exploration.  Additional capacity is required to service Artemis robotic and support elements such as CLPS, LSSMS, GLS, and LunaNet.  Migrating traffic from the DSN''s 34-meter subnet to the new LGS will preserve DSN capacity for NASA''s planetary science missions and human exploration of Mars.  NASA will pursue opportunities for commercial entieies to provide LGS service.', 91);
INSERT INTO public.mission_element (id, created_at, updated_at, title, description, tag_id) VALUES (9, '2021-10-03 03:04:12.588489+00', '2021-10-03 05:11:40.764398+00', 'Deep Space Logistics', 'Gateway Logistics Services deliver cargo, science experiments, and supplies to the Gateway, such as sample collection materials and other items the crew may need on the Gateway and during their expeditions on the lunar surface.  They also provide stowage volume while attached to Gateway and trash disposal upon departure.', 87);
INSERT INTO public.mission_element (id, created_at, updated_at, title, description, tag_id) VALUES (14, '2021-10-03 03:04:12.588489+00', '2021-10-03 05:11:40.764398+00', 'LunaNet', 'LunaNet is envisioned as a framework of stadards, protocols, and interfaces to support a scalable communications and navigation network for NASA and other partners in cis-Lunar space.  LunaNet will provide the basis for seamless robotic, science, and human operations by providing networked communication, PNT, science, and alert services.  The LunaNet architecture is scalable to meet immediate mission needs at the Lunar south pole and Lunar far side and to provide global Lunar coverage as demand grows.', 92);
INSERT INTO public.mission_element (id, created_at, updated_at, title, description, tag_id) VALUES (10, '2021-10-03 03:04:12.588489+00', '2021-10-03 05:11:40.764398+00', 'Eploration Extravehicular Activity System', 'The destination-agnostic Exploration Extravehicular Activity System (xEVA) is built for both Moonwalks and spacewalks and is designed for upgrades as technologies advance and missions evolve.  The vehicle interface systems and equipment feature a common design but can be customized to fit into multiple elements of the Artemis campaign.  xEVA is designed for a long service life and leverages systems from ISS testing for most planned servicing tasks.', 88);
INSERT INTO public.mission_element (id, created_at, updated_at, title, description, tag_id) VALUES (15, '2021-10-03 03:04:12.588489+00', '2021-10-03 05:11:40.764398+00', 'Habitable Mobility Platform', 'The Habitable Mobility Platform (HMP) will vastly expand the range of possible excursions and enable new science, resource prospecting, and exploration.  The HMP will be used for analogs of Mars surface activities on the Moon to reduce risk and optimize operations concepts.  The lunar HMP will be greatly leveraged for the Mars HMP.', 93);
INSERT INTO public.post_tags (id, created_at, updated_at, post_id, tag_id) VALUES (1, '2021-10-03 17:37:35.510428+00', '2021-10-03 17:37:35.510428+00', 7, 72);
INSERT INTO public.post_tags (id, created_at, updated_at, post_id, tag_id) VALUES (2, '2021-10-03 17:38:26.445442+00', '2021-10-03 17:38:26.445442+00', 8, 98);
SELECT pg_catalog.setval('auth.users_id_seq', 7, true);
SELECT pg_catalog.setval('public.channel_groups_id_seq', 1, true);
SELECT pg_catalog.setval('public.channel_id_seq', 5, true);
SELECT pg_catalog.setval('public.channel_users_id_seq', 1, false);
SELECT pg_catalog.setval('public.equipment_id_seq', 77, true);
SELECT pg_catalog.setval('public.experiments_id_seq', 61, true);
SELECT pg_catalog.setval('public.group_id_seq', 26, true);
SELECT pg_catalog.setval('public.group_xref_users_id_seq', 2, true);
SELECT pg_catalog.setval('public.meta_field_id_seq', 2, true);
SELECT pg_catalog.setval('public.meta_key_id_seq', 1, true);
SELECT pg_catalog.setval('public.mission_elements_components_functions_id_seq', 1, false);
SELECT pg_catalog.setval('public.mission_elements_id_seq', 18, true);
SELECT pg_catalog.setval('public.mission_id_seq', 1, false);
SELECT pg_catalog.setval('public.post_id_seq', 8, true);
SELECT pg_catalog.setval('public.post_tags_id_seq', 2, true);
SELECT pg_catalog.setval('public.sensitive_post_id_seq', 1, false);
SELECT pg_catalog.setval('public.tag_category_id_seq', 3, true);
SELECT pg_catalog.setval('public.tag_id_seq', 116, true);
